"0","Drug","Part","Cup care house speak often site audience eight agency life without knowledge believe","true"
"1","American","Involve","American amount policy kitchen effort blood white","false"
"2","Accept","Firm","Newspaper sister let quite really bit thus beautiful","false"
"3","Now cover","Quickly","Other sit quite mention do international traditional owner even everything discuss above","false"
"4","Many economic","Congress","Whole raise compare usually find before test adult growth within authority conference politics","true"
"5","Through","Cell","Short machine remember dark ball anything night open address red this","true"
"6","Record page","His","Own particularly throughout Congress that for much his","false"
"7","Behind","Grow","Present ever safe term three true never measure fast rich itself","true"
"8","Require trip","Case","Treat tax foreign oil identify customer wish","true"
"9","Them do","His","Sport ball continue behavior phone physical stage ahead card seven affect avoid","true"
"10","Heart","Throughout","Yard majority control rich fill send management past fine miss myself","true"
"11","Family","Street","Good thousand join onto shake offer black exactly concern article admit","true"
"12","Particularly","Contain","Think technology stay general never increase perform hundred side relate remember","false"
"13","Attention","Rate","Action fall class manager travel use change federal dinner look not finally","true"
"14","Budget rock","Prevent","Side today enjoy instead indeed as interesting event professional","true"
"15","Idea anything","Case","Professor according one role best ago heart money by","false"
"16","Home","Always","Play small control business page modern Mrs lose structure born down opportunity step","false"
"17","As new","And","Simply though goal identify deep again life player week window early side","true"
"18","Outside","His","Town than director top last central gas answer music return","true"
"19","Read particularly","Generation","These finish yes open toward natural out should","true"
"20","Speak","Street","Whole down add participant reveal seem site available magazine fill tell","false"
"21","In green","Think","Personal moment media knowledge and action while","true"
"22","Entire example","Central","Man system kitchen space notice government citizen away media set tend lose","true"
"23","Attorney green","Late","Then none prepare them rather baby well parent here","false"
"24","Save","Involve","Real point social guess open take over","false"
"25","New","Table","Coach possible us defense would prove college","true"
"26","Section husband","Across","Between heart often station blue month most ready bag discover","false"
"27","Part thus","Study","People suddenly kind chance these office explain realize animal back","true"
"28","Article blue","Central","Level against eight opportunity maybe future pay car character evidence","false"
"29","Big leave","Quickly","Serve technology more medical result hospital window","false"
"30","Save necessary","Base","Bed cost understand two difference down body return number","false"
"31","Official onto","Late","When require coach score by free available","true"
"32","Sit","His","Daughter man city beyond no board","false"
"33","Fear speech","Stage","But fish red budget three attack simple ready message several natural really change","false"
"34","Part cup","Training","Floor want wear fast learn hit","true"
"35","Arm","Cell","Though before happy than live him line decade most already room hour stay","false"
"36","Along woman","Less","Role collection her green expect black everyone in threat","false"
"37","Money","His","Fall lead charge reach set everybody check off everyone future late","false"
"38","Financial","Think","Across worry white listen apply hundred","true"
"39","Better","Money","Garden staff reach there mother science fine recognize try","true"
"40","Scene","Prevent","Government money relationship lead dog say","false"
"41","Capital","Across","Special lead he late other door person join lead husband","true"
"42","Former","Case","Positive child pressure information country kitchen tell while","false"
"43","President decade","Involve","Structure feeling campaign production more need member describe order","false"
"44","Open","Less","Social time red only push item newspaper forget hope","true"
"45","Race allow","Base","There piece poor despite poor change strong dream stand agency organization","false"
"46","Participant each","Rate","Before among send respond may note leader nature","false"
"47","Street","Street","Last attorney buy carry as player pass TV analysis response can","true"
"48","Author modern","Money","Able establish wish record two few three training her large","false"
"49","Pass","Contain","Drive pull lawyer produce draw happy wide town determine painting around","true"
"50","Somebody","Generation","Any real fight capital reduce society picture war side foreign rock generation","true"
"51","Office","Across","Raise early itself already act your beat instead","true"
"52","Within upon","Social","Dinner force he must degree make win certainly","false"
"53","Theory employee","Street","Action lawyer she enough back expect by treat activity back","true"
"54","Role","Prevent","Leader natural property suggest conference notice resource she wish head","true"
"55","Find politics","Street","Clear change manage or school enough expect our strong inside","false"
"57","Our","Cell","Democrat artist speak listen expect anything view both","true"
"58","Network","Cell","Side story price reveal give every letter total early threat mother","false"
"59","Commercial building","Social","Apply whole rate perhaps fight onto","true"
"60","At program","Consumer","Standard skin woman board so trade meet the song","true"
"61","Exactly former","Quickly","Recognize focus or gas recognize sense rise strategy little expect responsibility when difference","true"
"62","Style","His","Gas especially second huge north recent fight see value same foot list","true"
"63","Star","Cell","Guess trade necessary cost already up","false"
"64","List author","Stage","Win part little tough move so compare sign","false"
"65","Whatever","Base","Possible movement full read give because catch goal popular everyone game care recently","false"
"66","Training","Part","Pass minute name star civil eat behind quality court season","false"
"67","Sister","Contain","As down recognize conference natural month","true"
"68","Civil","Central","Stand as opportunity work process act small dinner politics environmental","true"
"69","Field","Part","Education who operation respond better toward think whose whether","true"
"70","Also sign","Table","Product strong discover trip material add southern discuss structure degree","true"
"71","Data","Late","Often vote then firm write far television report according red it as understand","true"
"72","And each","Central","Work at whole box like hold reduce boy indeed end country dinner","false"
"73","Establish but","Part","Bad who event method health add run situation know","false"
"74","Age","Grow","Argue heavy simple assume strategy fund seven yard quality idea","false"
"75","Different line","Think","Tough head visit off article indicate","true"
"76","Thousand suffer","Throughout","Court recent long on win end instead oil low nation force","true"
"77","Single west","Firm","Building without road participant vote body world huge end less prepare","true"
"78","Blue might","Stage","Coach bring nor American away north building front return","false"
"79","Ability","Late","Go able trouble TV all weight","true"
"80","Budget","Street","Five or wait home against resource","false"
"81","Trip","Part","Per heavy something offer space once natural strategy","false"
"82","Subject nor","Congress","Ago begin spring food name mean since matter","true"
"83","Choice realize","Social","Guy when none speech minute decision front","false"
"84","Account want","Generation","Article decade almost know article old great analysis","false"
"85","Measure","Consumer","Drop up great agreement push about sense day after control","true"
"86","Key","Table","Writer human upon community late should first writer right drug his","false"
"87","Stuff box","Social","Few space new possible technology leg four pull test energy defense song","false"
"88","Someone church","And","Medical rich former term couple answer let hit turn those big contain","true"
"89","Performance","Less","International nearly build happen sound according add deal test peace","false"
"90","Decade spring","And","Anyone concern everybody alone adult she table wall sometimes many","true"
"91","Try service","Central","Gun rule we law support major reason tough score range she","true"
"93","Baby","Training","Dream billion sometimes section name little home certain fear be base but contain","false"
"94","Evidence arm","Cell","Letter movement plant moment turn know record determine activity remain across that","true"
"95","Fly deal","Prevent","Author bar four west hold dream economic job","false"
"96","Possible","Grow","Class important condition defense church old best step spring their buy politics management","true"
"97","Sea","Contain","Which tonight song hot region real development order however quite thus","true"
"98","Senior responsibility","Stage","Worry myself any seven maintain determine","false"
"99","Because pick","Central","Long base start bad goal show apply produce next could","true"
"100","Same","Table","Write interesting pass offer cut ago card budget drug","true"
"101","Air","Street","Identify side more order possible none","true"
"102","Fish again","Study","Different form family organization nature according point girl","false"
"103","Choose environmental","Central","Example small top scientist particular stand open your","true"
"104","Share with","Training","Head seat less American today response past mother","true"
"105","South represent","Cell","Management board describe fill financial couple large already give thousand","true"
"106","Agree","Money","Your wear big reflect majority make safe real everyone worker field building walk","true"
"107","Rather","Late","Stand easy carry true girl former say machine size dog together member","true"
"108","Actually","Less","Strategy art though simply season course room hard financial throughout street actually tough","true"
"109","Support success","Prevent","War outside not possible appear finally","true"
"110","What present","Congress","Station here church thing difference time check truth he list score","true"
"111","Next author","Prevent","Again body it return order inside","true"
"112","Beautiful attorney","Throughout","Sure how health answer economy threat","true"
"113","About activity","Think","Air home just join oil watch","true"
"114","Fact","Cell","Family special matter entire break seek difference almost","false"
"115","Include","Always","Strategy executive ahead offer color mouth north commercial wall","false"
"116","Second","Across","Animal trouble instead degree within recently ground nor establish discuss community fill","true"
"117","Meet activity","Throughout","Capital camera town increase word piece company can","true"
"119","Know how","Stage","Form other degree trade office approach still history usually set small","true"
"120","Television them","Less","Hotel before woman along necessary describe","true"
"121","Remain wonder","Throughout","Machine establish the free physical become than common himself consumer","true"
"122","Month","Firm","Relationship since thank describe art good","true"
"123","Likely","Base","Democrat every like too might American economy","true"
"124","Eye live","Quickly","Hope themselves different performance wonder agency benefit happen difficult","true"
"125","Center baby","Social","Team American sing individual allow contain some road husband read see food material","false"
"126","Cover factor","Training","Agency arrive size dog research provide above team","true"
"129","Conference police","Cell","Last shoulder where exactly five political business","false"
"130","Environment tough","Contain","Art green manage member probably look challenge effect outside","true"
"131","Lay","Central","Own hit beautiful girl wall little structure event young","true"
"132","Get","Involve","Station set arrive south writer window result letter","false"
"133","Want recent","Training","Eat drive every law factor seat hospital central","false"
"134","Movie","Rate","Open appear group simply money guess move","true"
"135","Newspaper personal","Training","Mean either college whether rest enough learn long would bar town decide series","true"
"137","Four well","Base","Future plant establish happy report time according","false"
"138","Soon part","Congress","Peace head anything bad with across director toward figure","false"
"139","Forward","And","Pretty serious well operation range full good after window meeting benefit","true"
"140","Per","Case","Most use individual case thus example especially","true"
"141","He","Across","Citizen international cold run former authority stock fine final career","false"
"142","Against much","Cell","That land sell science long have carry identify medical themselves school explain","true"
"143","Concern form","Throughout","Memory she become brother black relationship identify board speak","false"
"144","Trade","Table","Guy follow society father everyone now hard occur score radio","false"
"145","Push policy","Firm","Shoulder family identify while better a free science third new weight their majority","false"
"146","Open expect","Cell","Admit course citizen standard staff former bar list run reduce","true"
"147","Compare offer","Stage","Drive choice religious wall suffer western suddenly","false"
"148","Difficult cost","Congress","Heavy product newspaper movement movement lay rest treatment third them who catch no","false"
"149","Large quality","Training","Artist business bed third our organization subject","true"
"150","Instead","Firm","Perhaps lay skin debate across my on all","false"
"151","Fine","Study","Kid nature wrong person wife watch half girl military political else indeed","false"
"152","At","Always","Story thus billion to past up upon raise wait ahead appear area thought","true"
"153","Decade argue","Generation","Daughter nearly federal sister of music","false"
"154","Others","Involve","Within picture anyone wish give form per poor interview city cut","true"
"155","Another perform","Generation","Would bed whole my task American spring","false"
"156","Though wonder","Study","Involve before purpose nearly wife character technology low guy simply know parent","false"
"157","Reality","Quickly","Race computer future claim and beautiful claim theory ahead cup service special small","false"
"158","Occur","Case","Bed gas voice structure like serious modern seem force condition material","false"
"159","Thing","Less","Represent claim hot might color record nice level","false"
"160","Type","Case","Manage subject better phone truth resource","false"
"161","Across","Social","Nothing dark better start year down order assume be bit season say him","true"
"162","House sea","Less","Design necessary allow floor decide break","true"
"163","West that","Street","Avoid computer dark dark throw body because","true"
"164","Research","Case","Name service here movie admit stay continue anyone key majority","true"
"165","His","Prevent","Quite plant respond both their federal message stand","false"
"166","Draw peace","His","Daughter term give continue plan old arrive whose give consumer instead","false"
"167","Range","Consumer","Record admit media loss far allow yard animal court reality","false"
"168","Themselves attention","Stage","Table cut off government its politics","true"
"169","Away","Social","Require production name industry base song marriage light its already less drop century","true"
"170","Source million","Stage","Huge film structure sense city herself travel structure wrong discuss point movement","true"
"171","Paper","And","Event long that section north situation understand","true"
"172","Partner","Prevent","Technology too answer sea receive happen page college cut thing else","false"
"173","Evidence music","Involve","Audience group true should price Mr attack section on reason possible natural every","false"
"174","That","Prevent","Scene Democrat send maybe describe bit","true"
"175","Science","Case","Participant then full surface particularly writer let personal inside reflect create","true"
"176","Instead who","Congress","Art ago price upon go for base if","false"
"177","Scene the","Consumer","Meet get couple issue good evidence reality station themselves window today daughter","true"
"178","Establish year","Grow","View kind prepare culture together determine natural wear share style","true"
"179","Mouth test","Contain","Concern carry employee contain bad enjoy while whatever health","true"
"180","Because","Consumer","Among sort girl garden often board reflect say again life the set rise","false"
"181","Sense type","Generation","Scene half American during with work present","true"
"182","Boy","Table","Necessary shoulder decade pattern phone time despite behind","false"
"183","Program","Grow","Continue effort out nature board seat well property push sell","true"
"184","Town less","Always","Stand purpose successful partner treatment medical detail behind","false"
"185","Really huge","Cell","Direction learn heart exist reality public head","true"
"187","Foot back","Less","Painting light role section take choose inside","true"
"188","Suffer few","Stage","Create buy decade project again effort tax","false"
"189","Wife","Money","Thus range big able light site class but use science interview kitchen","true"
"190","Tough","And","Part fight record officer north quite hit fill against result tax","false"
"191","Site","Less","Public more success protect fund rest relate actually treat","true"
"192","Fly spend","Central","Edge tell address far trouble magazine push painting whole road point","true"
"193","Beat bring","Social","Sell sense well practice letter TV middle exactly case","true"
"194","National","His","Only adult wife enough physical vote method usually president question world data effort","true"
"195","Week","Stage","Happen minute beyond your war soldier coach shake suddenly should rise edge particularly safe","false"
"196","Suggest","Cell","All own type television like always huge total everything discover hot","false"
"197","Whom","Training","Have yet who add social rate base will ask pretty behavior book","false"
"198","Lay response","Base","Hot computer power raise visit early trial bill person TV maybe","true"
"199","Event thought","Consumer","Thank Mrs mission something country include good Mrs himself dinner visit","false"
"200","Want","His","North far practice law wish together ago accept compare","true"
"201","Business among","Stage","Center while north can yeah project","false"
"202","Wind","Study","Offer enter yourself event tree family admit Republican federal","false"
"203","Organization","Social","Second top raise cover box sometimes degree consider thus partner","true"
"204","Budget game","Throughout","Opportunity such true major line fish put walk still body poor high kid","false"
"205","Process deal","Prevent","Individual easy poor girl quite break they thing run foreign floor open far","false"
"206","Involve","Less","Worry gun small thought cause room writer society stay worker argue fly","true"
"207","Bad never","Cell","Human must sister central hit eye","false"
"208","Item","Contain","Certain ground will share fish meeting item during policy agency however around","false"
"209","Lot western","Prevent","Recently stuff participant total stuff determine million","true"
"210","Magazine various","Throughout","Appear offer important national stand brother step provide look","false"
"211","Themselves have","Prevent","Interest rich budget myself military region scientist care security all in","false"
"212","Draw","Late","Western thousand good if water agent make travel sea office wide read","true"
"213","Manager","Less","Second order close structure recent woman opportunity color you book fall manage","true"
"214","Find box","Rate","First read wear theory important mean almost because job power from not beyond","false"
"215","Experience","Late","Especially night past picture community event","true"
"216","Instead training","Involve","Standard despite raise officer kitchen television","true"
"217","Until","Firm","Deep director beat reduce responsibility news knowledge employee institution end fact ready coach","false"
"218","Your","Rate","See serve successful line door customer expert federal positive trial policy","false"
"219","Clearly wear","Money","Color yet production debate police agency hope common thought half meeting","true"
"220","Mr including","Table","Use trip recognize add ok prove so able","false"
"221","Put","Central","Care plant happy else at woman","false"
"222","Million","Less","Her church thousand dark book sit she although country relationship bit safe","true"
"223","Believe strong","Involve","Purpose newspaper by dinner ask commercial doctor cold nearly enjoy nearly time","true"
"224","Several","Table","Bed much seem tonight need contain step herself","true"
"225","Own garden","Think","Enter factor yet or fight PM church care easy view how response city","true"
"226","Between how","Late","Present fast also decision stage two region number both morning light","true"
"227","Training left","Less","Bit toward adult also get inside open deep guy office prevent crime agency","false"
"228","Remember during","Table","Strong over election account trouble make outside","false"
"229","Each","Cell","Off I time five military amount everyone","true"
"231","Difficult","Cell","Each beautiful news son throughout dinner statement audience student exist","true"
"232","Behavior eye","Congress","Example idea fast meeting win citizen seat","false"
"233","Full","Part","Listen assume with research bag two","true"
"234","After sense","His","From available reveal leader teach nothing easy key type force upon","true"
"235","Scientist","Stage","Mission argue name realize sense the","false"
"236","Agree ok","Base","But kind stand fund too camera human single face","true"
"237","Institution tonight","Less","Base suddenly support but share policy happy PM finally","false"
"238","But","Think","Including analysis phone site in personal should seven whether","false"
"239","Her","Table","Financial eight doctor somebody friend bed represent raise put total","false"
"240","Piece","Case","Necessary bank best trial parent control question nature Democrat case medical surface present","true"
"241","Thank","Money","Rest all officer hand society change behavior number together five class at","false"
"243","Skill","Congress","Concern modern agent nice physical old business no worker amount billion","false"
"244","Test","Stage","Bed class own boy interest attention","false"
"245","Enough","Cell","Customer local side necessary way scene on new write most left","true"
"246","Project","Table","Receive travel friend theory in animal","true"
"247","Manage use","Social","Once father play mind not talk drug individual leg","false"
"248","Relate course","Consumer","Somebody suggest class list card back rock generation marriage that","false"
"249","Knowledge","Cell","Trip behavior street learn who watch room every film","true"
"250","Finish","Late","Tonight great who crime suddenly fill","false"
"251","Whether member","Throughout","Mean political many his sister suddenly news fill wrong","false"
"252","Defense","Street","Often animal wife maybe of apply understand available","false"
"253","Step idea","Prevent","Wear machine develop month light I have","false"
"254","Interest","Firm","Process tell tax scientist task onto least play some","true"
"255","Capital democratic","Cell","Paper remember almost remain agree culture child ability high girl age","true"
"256","Animal","Study","If bill base store cold affect woman down trouble","false"
"257","Between executive","Involve","Pass quite fact political baby nation hear","true"
"258","Follow speak","Consumer","Finally gun peace though people democratic month nation evidence size total","true"
"259","Experience theory","Base","Rather too reason staff listen recent of seat cause event fly","true"
"260","Event","Always","Model others technology successful move design gas dark","true"
"261","Thing theory","Central","Inside box wind image guy particularly people yet resource recent side","false"
"262","Claim bill","Late","Know left think effect issue father day sport station south bit possible common","false"
"263","Community loss","Stage","Heart development example question drop me career","false"
"264","Small","Stage","Ever it speech everything left provide rule man yet scientist four west heart","false"
"265","Throw day","Case","Body road thank stand course sister career different phone career else","true"
"266","Reason","Case","Debate arm real vote late foreign and various hotel leg consumer available","true"
"267","Care reduce","Think","Thing reflect enter firm music money produce daughter center lay","false"
"268","Doctor","Firm","Instead million within need season company approach change care institution school friend","false"
"269","Large","Late","Computer idea series back floor many five officer","true"
"270","Very","Case","Top high man watch this clear whole","true"
"271","Point","Table","Serve anyone although establish if organization store significant social movie decade art movement","false"
"272","Indicate car","Think","Development factor bill outside from meeting discussion range protect wife item hear","true"
"273","Weight","Stage","Charge simply hold fight two low glass few ok thousand eat","false"
"274","Anyone throw","Social","Capital pay Democrat group allow control ability","true"
"275","Nothing sound","Central","Spend myself hold describe next project example","true"
"276","Day","Cell","President ask page unit center firm","true"
"277","Grow program","Think","Cover four represent discover protect American piece up","false"
"278","Able protect","Quickly","Best analysis light evening several night try on commercial out","true"
"279","Night","Generation","True quickly stock feel program nature nature learn billion realize","false"
"280","Wait","Firm","Better federal total environmental direction short fly arrive cell major","true"
"281","Language not","Cell","Ground environmental turn than speech future born current hope condition","true"
"282","Enjoy process","Rate","Here enjoy occur include mind teacher strategy left","true"
"284","Strategy","Generation","Yes reflect economy wait even else into chair affect behind stand rock","false"
"285","Late","Stage","White oil about mention discover whose election sign quite player world particular","false"
"287","Store couple","Central","Company number early great present when across","false"
"288","Level drug","Grow","Industry ten team grow piece identify at do","true"
"290","Believe","Stage","Test stuff remain total likely such party alone keep team skin style force","false"
"291","Course begin","Involve","Everything dog decide daughter purpose light parent treat rather yard about","true"
"292","Page","Contain","Prevent mind card number outside ready collection","false"
"293","Participant explain","Always","Relate most buy friend anyone performance up evidence mind party everyone against","true"
"294","Focus","Prevent","Whole use right church executive pattern figure","false"
"295","Hair","Table","Fight man pay building identify rest chance","true"
"296","Particularly development","Training","Education notice campaign size effort former like agreement include section he probably skin","false"
"297","Foreign","Generation","Civil example third speech walk least charge same behind cultural side impact","true"
"298","Manage","And","Top conference writer specific station past serious cause water","false"
"299","Reach","Street","Skill service blue so oil stage material training","true"
"300","Early cold","Less","Expert north blood magazine star well growth current camera final degree yet close","false"
"301","Piece total","His","Certain though body discuss good father","false"
"302","Feel million","Less","Man happy night within recent involve continue want","true"
"303","Nor","Involve","Price sell finally offer compare could difficult huge","false"
"304","Until skill","Study","Pass commercial range we central camera","true"
"305","Federal","Contain","Clearly write life without wind thank","false"
"306","Figure indeed","Contain","Dark institution discover meeting themselves piece","true"
"307","Put carry","Always","Far take hold his us would take inside research","true"
"308","Yet key","His","Couple piece especially tell raise investment remember may knowledge laugh north federal establish","true"
"309","Kind moment","Contain","International table make point will health","false"
"310","Mother","Part","Vote simply outside respond travel nature drop","false"
"311","Back wait","Social","Them wish learn edge body nature reason medical sign step","false"
"312","Change","Contain","Own forward break close wrong future wait cut condition away make deep father","false"
"313","Task bit","Base","Until hit unit skill far show everybody increase","true"
"314","Gas","Involve","Wife computer common those social your record avoid history time person large","false"
"315","President play","Firm","Sister service threat break painting budget Congress care","true"
"316","Involve his","Consumer","Maintain different commercial model carry front half my","false"
"318","Visit","Generation","When past someone brother civil occur window shake get democratic president usually camera","true"
"319","Once","His","Performance upon suddenly travel while much others north home describe paper eight","true"
"320","Officer","Study","The wide senior actually director large blood","false"
"322","Team study","Throughout","Market natural win laugh ever fill bit","true"
"323","Walk attention","Always","Must glass response Congress thank peace attack every can public","true"
"324","Light design","Congress","Language feel charge age performance policy door believe","true"
"325","Everyone","Study","Summer action agreement admit long maybe","false"
"326","Miss social","Training","Black represent wall fire while station example","false"
"327","Goal it","Study","Soon organization car throughout hand wish wife growth ready these standard control number","true"
"328","Human","Throughout","Particularly black big turn table eight Republican level campaign","false"
"329","South","Think","Against no prepare ok conference walk road camera it research","false"
"330","Dream","Money","Alone name program fight yard short plan view","false"
"331","Open become","Central","Although history its media key least performance provide","true"
"332","Try","Central","Movement single behind nearly anything capital very","false"
"333","Card want","Across","System involve than his reduce article rich often establish","false"
"334","Claim option","Case","Lot will other describe organization third late interesting commercial thousand same research maybe","true"
"335","Require official","Money","Chair speech interesting skin join party experience","false"
"336","Order","And","Capital surface quite seat lot behavior movement woman big network","true"
"337","Behavior dinner","Quickly","Voice author democratic section agree then like about factor example then","false"
"338","Production several","Rate","Sign act outside tough evidence management short medical past water structure","true"
"339","Industry hear","Late","Truth especially event month arm education base coach control foot present","false"
"340","Note our","Congress","Similar born best discussion father support information board artist","false"
"341","Whole","Across","Or require fill short attack would you service","true"
"342","Increase","Throughout","Model usually lawyer reach later surface interest Democrat step home hotel put everyone effort","true"
"343","Lawyer","Study","One leader space world individual treat word memory","true"
"344","Because skill","Consumer","Brother apply mission fear son city fill arrive ready notice help natural","true"
"345","Share","Grow","New for people wide live do security experience agency pretty measure goal","true"
"346","Natural","Across","Interest here detail then sure race color deal make just himself party sell","false"
"347","Baby box","Training","Describe between loss goal sea seem Republican while development home away democratic environment","true"
"348","Simple federal","Table","Modern could yet design form late billion probably blood","true"
"349","Begin meet","Generation","Piece pass bed claim sell her too community","true"
"350","Responsibility","Social","Away across music police news information","true"
"351","Low","Generation","Fine center have official wind quality","false"
"352","Management add","Rate","Child red international school answer growth who performance","false"
"353","Investment south","Consumer","Entire oil research base produce artist yet public spend once","false"
"354","Whose generation","His","Collection attention hand old eat girl line program sense","false"
"355","Test sport","Training","Box scene laugh from believe leg offer maybe","true"
"356","Lead later","Throughout","Pull case should budget new blood sister","false"
"357","Range bring","Quickly","Who price cup general civil southern politics perform speech no attention","true"
"358","Have","Quickly","Doctor sister every machine contain nice scientist green son hear expert","false"
"359","Place","Less","Wrong room interest economy someone receive","false"
"360","Probably address","Contain","Figure discover project can white miss instead myself itself mind","true"
"361","Bank stock","Grow","Center whether model step old relationship","false"
"362","New yes","Prevent","Cause similar difficult require hit provide wish message check if protect push high","false"
"363","Local","Throughout","Pattern serious score court material several realize happy receive","true"
"364","Mention","Street","Draw suffer behind improve soon take artist international sort improve health way","true"
"365","Prevent","Social","Conference over also charge leg laugh realize black thought budget term positive","false"
"366","Under party","Consumer","Sea order make left candidate quickly product surface pressure any church hear get","false"
"367","Stay little","Contain","But keep near message risk national pass several home","false"
"368","Interesting local","Training","Though hand size present building require start professional clearly take natural sit once","true"
"371","Wonder","Quickly","Care learn seven trade small brother truth series general present collection","false"
"372","For","Social","Certain son actually future skin because sometimes along family act president travel","true"
"373","Reduce","And","Around above argue black camera television southern dark industry red","false"
"374","Perform early","Training","Tax environmental from medical start fact visit oil yes later moment","true"
"375","Blood none","Prevent","Bring its enter interview list first single half similar rate to hear religious","false"
"376","Law color","Grow","That child political former other laugh enjoy decide billion Mr","false"
"377","So","Generation","Republican this cost worry explain sister soldier majority treatment American fill design along","true"
"378","Every number","Congress","Person would rule pay TV hear myself","false"
"379","Action ever","Across","Those collection answer like woman help reflect health","true"
"380","Too hair","Cell","Arrive hospital of community so similar whom official could home short image kind","false"
"381","Industry","Firm","Power Congress should head wind structure fill be final seat purpose inside arrive","false"
"382","Somebody section","Prevent","Cultural time president life field well six field police put decade us","true"
"383","Animal century","Prevent","Debate they skill unit thousand manage","false"
"384","Rich fact","Throughout","West report account wide ever resource he","true"
"385","Help fill","Late","Night entire skill professor expect change option before head focus","false"
"386","Coach","Throughout","Agreement ahead something article leave with whole your close","true"
"387","Organization line","Contain","Million then send woman medical read","false"
"388","Tell bit","Less","Across treatment use PM seat moment","false"
"389","Age somebody","Training","Summer own indicate life major across need lay recently","false"
"390","Huge","Grow","Team place democratic eight understand especially because","false"
"391","Price medical","Training","Suddenly most board break yet always me common mouth teacher care","false"
"392","Common sell","Street","Memory over something most history sign seat","false"
"393","Risk yet","Involve","Role country appear eye scientist toward lawyer administration available wait summer moment current","false"
"394","Work foot","Quickly","How save kid create decade form","true"
"395","Win","Generation","Foot assume yeah there hotel store throw to science close enjoy value people","false"
"396","Special","Congress","Small either remember young decision shoulder which deal message worker matter perform raise","false"
"397","Allow","Street","Rule my home human individual grow whether month respond factor chair hour","false"
"398","Take during","Involve","Enjoy family bad police or fish technology under dream nation","true"
"399","System","Quickly","Must wrong happy character account security scene","true"
"400","Step","And","Discuss unit owner pretty available seven increase yard","false"
"401","Thus","Cell","Scientist fight market security organization material financial mean","true"
"402","Shoulder environmental","Base","Least every success time list lose","true"
"403","Wind trial","Less","Successful right address beat without have clearly structure class interest begin","true"
"404","Back","Prevent","Last inside anyone successful order window","true"
"405","Try movie","Generation","His everything bill charge station nation mention civil technology","false"
"406","Which","Social","Happy spring seek second still peace hotel argue up two lead half cut not","false"
"407","Matter member","Part","Available toward color explain strong office situation","true"
"408","Like young","Prevent","Manager heart opportunity seem type road commercial just serve ball area southern hair","true"
"409","Political","Throughout","Per nothing especially open yeah along policy look off","false"
"410","Accept heart","Congress","Early American development already everyone ever manager entire doctor whole possible direction","false"
"411","Travel","Social","Democrat long change and represent loss give those","true"
"412","Record","Street","Specific happen sit marriage under difference question","true"
"413","Watch window","Involve","Reduce employee view be mention truth attorney point goal decide never mean","true"
"414","Maintain","Central","To anything a like beat help his dinner air","false"
"415","Growth","Base","Prove argue plant face hold no","false"
"416","Player music","And","Drug sense school great from table current house hit now blood treatment hour","true"
"417","Season","Part","Upon produce state moment product product blood federal both positive","false"
"418","Inside","Central","Situation shake color once above subject yes career huge billion very customer","true"
"419","Interview food","Training","Leg above sign according national opportunity practice call clearly decade bed reveal","false"
"420","Brother","Case","Hard staff hit agreement prove challenge apply","true"
"422","Health central","Social","Capital open food sure responsibility then election write laugh","false"
"423","Black various","Across","Look police newspaper exist next most face","true"
"424","Look tell","Grow","North against personal general exist tax wife race politics","false"
"425","All","Central","Actually possible middle great artist general explain body long and current leader admit","true"
"426","Gun often","Study","Sign hear college anyone shake several physical training great","true"
"427","Watch","Case","Agency despite fact find want quite scientist","false"
"428","Attorney raise","Table","Entire arm Mr own responsibility inside crime mother science make too black energy","false"
"429","Entire","Contain","Teach player two inside on increase TV room","true"
"430","Much","Central","Home few individual child poor offer common than hair many","false"
"432","Amount","Throughout","What various relationship role every family store central believe democratic police","true"
"433","Candidate market","Late","All sign rather community pick between feel interview them","true"
"434","Six","Table","Decide matter civil son measure picture everybody dark could ok eye hundred doctor","true"
"435","Read","Cell","Physical generation race current behind usually agency","false"
"436","Respond seem","Quickly","Relationship power begin force thought fish education head begin indicate sure page modern","false"
"437","Surface","Training","Eat interesting collection later recognize could food soldier contain art wide maybe minute","true"
"438","Join produce","Rate","End red put dinner notice must medical history pick edge tax","false"
"439","Commercial","His","Thousand truth open important lawyer third community wrong investment live","true"
"440","Black discuss","Stage","Travel today seven lose amount thousand car article officer clearly","false"
"442","Base we","Money","Enjoy to win move shake country nearly","false"
"443","Meet beat","Table","Do worker she sense but only member for popular summer","true"
"444","Think","His","Stop significant sister whole generation movie out give effect","true"
"446","Else she","Study","Child ball none could society reality watch hear those president finish exactly","false"
"447","History animal","Grow","Bag finally door election at house","true"
"448","Tv","Base","Property understand everybody several each else any structure event","true"
"449","Various take","Table","Control form four event idea knowledge believe","true"
"450","Owner","Training","Affect try economy change democratic up during wall even country","false"
"451","Just I","Rate","Stay occur whether project consumer hotel teach","false"
"452","Difficult product","Across","Very police society street listen person talk throughout administration","true"
"453","Themselves chair","His","Case actually surface she environment final prepare recognize city story speech protect all","true"
"454","Personal establish","Quickly","Happen artist leg treatment run do kid contain","false"
"455","Style house","Case","Customer say much sign box language sit catch network message raise","true"
"456","Voice series","Case","Pretty almost try say carry carry option fact nice","false"
"457","Trial set","Case","Half certainly type happen nor actually provide something manager national claim","false"
"458","This","Grow","Respond story western necessary like big","true"
"459","Score able","Central","Forget three before child pass series I","true"
"461","Keep","His","Including science cold thought among likely","false"
"462","High interview","Late","Collection why hundred whole baby eye enjoy face conference few along general sport","true"
"463","Your section","Prevent","Could beat democratic building lose center wait fire possible one","false"
"464","Indeed","Cell","Wear when factor course media less product call skin prepare old","true"
"465","Size","Prevent","Among budget guess down stock guess position positive bank somebody president page something","false"
"467","Try individual","Contain","Evening car although himself career traditional view open inside mission","false"
"468","Where grow","Think","Important tonight event rate cold short campaign","true"
"469","Increase behind","Central","Organization edge stand Democrat traditional rather although","false"
"470","Consumer nor","Generation","Customer go his may radio heavy however per leg fall","true"
"471","Difference end","Think","Outside former what his animal yes friend piece attorney family machine","false"
"472","Will","Part","Other key past west station environmental how drive detail drop pick write management","true"
"473","Drive air","Quickly","Forward money name more friend less full cultural send across someone","false"
"474","Black","Stage","End green anything wish field affect another he husband loss claim professional avoid","true"
"475","Agency upon","Generation","Address write south site dark while event land answer add","false"
"476","Road","Case","Condition agreement include company letter value care recognize production","false"
"477","As full","Stage","Note service over family behavior successful","true"
"478","Without","Base","Worker almost bank five before always","false"
"479","Million catch","Late","Family might the system sure risk number young","true"
"480","I money","Cell","Beyond everything economy respond place during together million cell material individual","true"
"481","Tough doctor","Late","Purpose star its either choose protect oil","true"
"482","Our today","Study","Statement should best you nothing kind","true"
"483","Remember throughout","Training","Enter trial draw better Republican production decision sense point voice to","false"
"484","Feeling","Street","Thank respond military certainly scene reality feel gas allow water food","true"
"485","To","Cell","College suggest information court rather despite plant court lay food answer everyone score","true"
"486","Mission","Base","Cold defense then decade time the evidence figure American ready long","true"
"487","People","Stage","General western himself oil detail share for","false"
"488","Whole clearly","Prevent","Want level from goal run cost heart but difficult space college interest","true"
"489","Reflect nothing","Cell","Success test picture something just Mr","false"
"492","Wide","Study","Game look party last continue we call","false"
"493","That remember","His","Successful or draw agree pay huge different protect","false"
"494","Know actually","Think","Down ground protect strong several figure far level","true"
"496","Republican","Congress","Reduce health avoid area kid fund","true"
"497","It","Late","Trade teach believe case style close think finish media economic sister face","true"
"498","Certainly can","Rate","Left serve social author line light thing clearly court","true"
"500","Me story","Think","Fish rise organization center suffer give method year level","true"
"501","Main he","Money","Daughter table finally drop statement computer three ready property record loss","false"
"502","Couple color","Involve","Herself imagine pay because second lead money pretty participant leg","false"
"503","Heavy","Throughout","Hear continue ever onto reality trial parent space agreement","true"
"504","Product","Quickly","Cover campaign rate personal public fire prepare majority music nothing prepare paper share","true"
"505","Close","Rate","Respond table authority ability itself fire together","true"
"506","Firm","Base","Ability industry wrong series artist clearly production risk","true"
"507","Trade yes","And","World big executive country its performance understand success system interview give behavior week","true"
"508","Win western","His","Allow camera star relationship people per can current","true"
"509","Factor light","Quickly","Include race early civil series material who suddenly institution want","false"
"510","Wait force","Street","Really early financial bit green visit sign dog rather will ask","true"
"511","Career","Always","Everybody officer fly tend morning pass","true"
"512","Way","Money","Step society arrive job wide laugh federal night individual live","true"
"514","One tend","His","Already final must position second all study week million effect","false"
"515","Subject","Contain","Away miss dream range condition notice bill red city reflect authority performance hot","true"
"516","Small company","Less","Cultural second trade TV his expert exactly","true"
"517","Avoid","Contain","Speak heart together near how operation","false"
"518","Number","Part","Per recent large behind sort part","true"
"519","Discuss would","Less","Staff shoulder agree table along trade war father painting","true"
"522","Life","Always","Now them century almost ability within commercial necessary group create science","false"
"523","Want clear","Quickly","Into economic local short Mrs size assume best stand","true"
"524","Might off","Generation","Official owner participant hospital between really evening then our production data note word","true"
"525","Meet","Social","Team resource focus parent account own two hotel since","true"
"526","Congress","Stage","Control difference nor now into themselves common","true"
"528","Letter air","Social","Both seven pay family way seek country exactly","false"
"529","Company energy","Stage","Send away rather people step special between true","false"
"530","About anyone","Contain","Mind standard character when production other everybody choice style","true"
"531","Age hit","Always","Beyond sister use measure turn whose employee","false"
"533","Cut middle","Generation","Fact bit physical budget both child game low color including probably again","true"
"534","Them","And","Scientist treatment bit with more star wonder down difference happy","false"
"535","Sing he","Across","Financial race serve positive day yet control quite","false"
"536","Current","His","She give share cover make work serious","true"
"538","Respond hotel","Across","Such recognize common book or forward run live always deep","false"
"539","Lay understand","Consumer","Environmental discover direction however south office rate","false"
"540","Language","Quickly","Relate protect travel situation catch degree employee character source particularly","true"
"542","Situation","Think","Cold support child avoid industry they establish material car low both","true"
"544","Country two","Base","Draw whole student resource her trade with he range sound","false"
"545","Plant","Grow","Approach in kid understand it general realize fall first","false"
"546","Leader sort","Stage","Reveal red concern section resource property against","false"
"547","Matter spring","Quickly","Base half those fear free avoid evidence later into quickly raise","true"
"548","Future land","Involve","Compare occur operation baby seat according toward effort design describe","false"
"549","Evening","And","Fight east poor close everybody help save whole eye full evidence","true"
"550","Old investment","Money","Thought affect kind really way his send boy generation cold","true"
"551","Family for","Money","Pay political nation matter man cell must become hand difference ask senior","false"
"552","Structure various","Always","Dinner find source probably event yet heavy strong stand country","false"
"553","Budget wear","Cell","Degree public provide degree certainly hand continue ago who study","true"
"554","Citizen","Always","Entire move determine green movement take","false"
"556","Huge mother","Think","Rule American care do total week fall","true"
"557","First","Table","Miss fire describe economic medical art blue","false"
"560","Eye","Social","Realize industry state own report hit letter study","false"
"561","Shake","Money","Research something accept avoid sense network especially year behind any PM she father","true"
"562","Although deep","Central","Society election station strong born quality big among mission low growth into maintain","true"
"563","Half","His","Season few only range remain believe put leader debate theory real case","true"
"565","Rule","Generation","Ahead skill item space treat fast hair event skin may","true"
"566","Into","Less","Technology public college possible both between plant his always very","true"
"567","Take ground","Study","Receive on join western chance reduce southern","false"
"569","Actually particularly","Study","Know prepare on strategy maintain buy hair sea three we","true"
"571","Among deep","Consumer","Degree capital against that decision short suddenly after","false"
"572","In","Firm","Exist partner series affect somebody though want bar interview","false"
"573","Chair","His","Occur rich safe especially war perhaps lead soon","false"
"574","Too project","Stage","Clearly course power animal cut way","false"
"576","Wish","And","Food yard or tend word sell list but low","false"
"577","Item central","Part","Information social nature mouth toward realize soldier senior affect computer impact whom base","true"
"578","Only","Study","Follow model final fight pass site give","false"
"579","Study series","Always","Special tough might first machine certainly","true"
"580","Admit consumer","Late","Nation future trouble dark at game reach knowledge past travel","false"
"581","Fine type","Always","Be seem eight weight mean avoid high cover","false"
"582","Everybody","Throughout","Dog subject mission administration clearly outside","false"
"583","Across them","Generation","Teacher last avoid throughout degree center range leg walk management floor tonight stuff","true"
"584","Door alone","Grow","Fund born on Democrat tree hit thing Republican staff father staff pressure would","true"
"585","That military","Social","Prevent themselves up dog our experience consumer property buy attorney bag eat environment","false"
"586","Window","Study","Remember water under too hear up","false"
"587","Later","Consumer","Thing recognize near media east billion","true"
"588","Page whatever","Quickly","Fill still part quite education west eye discussion bed employee assume site teach","false"
"589","Line","Firm","Smile carry approach establish weight quickly model amount population dinner name son option way","false"
"590","North","Grow","True on decide poor happen social nothing partner certain or trial information","true"
"591","Suggest off","Street","Town they doctor dark create decide record other effect son option those treat","true"
"592","Media hit","Cell","Red election six consider myself news new look middle foreign hold piece","false"
"593","Center","Social","Us heavy resource scene value model determine make open charge general","false"
"594","Decide","Generation","Too difficult line place discover bad although industry simply avoid fly name","true"
"595","Build shoulder","Rate","Nearly answer few try left debate many sign job","false"
"596","Break","Stage","Opportunity force community today often pressure paper field similar truth when official true","false"
"598","Argue commercial","Quickly","Approach scene matter speech weight human water government","false"
"599","Week traditional","Congress","Arrive adult why dinner employee arm","true"
"600","Mouth","Throughout","Other almost low worry develop crime weight certain heart","true"
"601","Reduce change","Congress","Conference past maintain beat entire hair","false"
"603","Now","Throughout","Answer for with check probably side behavior food","true"
"604","Realize light","Street","Second second dog skill box this dream degree","true"
"605","Hundred natural","Rate","Hear room without will organization speech main ago like piece step beyond","true"
"606","Hold","Think","Next fire may once stand Mrs past half million total","false"
"607","Thought lawyer","Case","Ago sport listen more Democrat catch kind painting enjoy brother beat song","false"
"608","Member","Social","Blood half camera administration role assume thus","false"
"610","Course husband","Contain","Memory message family total news result strategy very agree analysis give","false"
"611","Pm","Table","Enter yourself though guy trade country office","false"
"614","Final right","Social","Serve hear dog would affect she back fine point increase ability","true"
"617","There four","Across","These relationship fine suggest commercial keep","true"
"618","Major","Late","Star energy imagine book concern me","false"
"619","Light","And","Discussion among event whom class among use assume imagine ten discover around agree","true"
"620","Final","Always","Into sport attorney surface could bar lead experience expert else energy","true"
"621","Put the","Generation","Help network friend face include section","true"
"623","Eight member","Street","Son account popular debate minute and business idea argue up","true"
"624","News","Grow","Upon describe out customer significant former","false"
"625","Foreign because","Contain","Consumer analysis wish themselves wide American participant these product deal","true"
"626","Sing","Grow","Treatment son effort sing by modern fire capital","false"
"627","Note","Always","Choose ask course western run responsibility everyone fund themselves","true"
"629","Last allow","Throughout","Into officer speech item seven generation","false"
"631","Next allow","Grow","Loss consider dream raise old marriage continue ground and quickly artist","false"
"632","Analysis rather","Case","Gas front cold church base term leg eat","true"
"633","Develop office","Think","Wrong source vote road administration evening talk section ability above happen enjoy how","false"
"634","Want compare","Quickly","Low next clearly magazine pull professional choice final decade take might","false"
"636","What","Consumer","Prevent traditional lot huge finish east me window","true"
"637","Among point","Table","Free poor to site behavior threat guy board","true"
"638","Rock","His","Color according seek attack remember political serve surface eight exist message likely","true"
"640","Pull outside","Rate","Government seem under bank up try morning score it paper wind fund","false"
"641","Prevent allow","Late","Whole performance down involve collection want","false"
"642","Avoid eye","Think","Approach interview there through enter boy first","true"
"643","Good","Table","Break defense community data particular each threat bank","true"
"644","Few","Think","Ahead perform as occur left across","true"
"645","Hard learn","Quickly","Line size those she difference occur east those explain at off","false"
"646","Authority fine","Money","Church street possible TV series win under something degree charge him national enter","false"
"647","Summer","Street","Act himself chair stand budget after ever remain cut later try hundred network","false"
"648","Education voice","Stage","Kitchen medical evidence fear summer have each turn have few how significant skill","true"
"649","Us","Think","Seem major exist if owner however rich down far fall put design","false"
"650","Factor wonder","Cell","Send film federal current manager bed case piece perform ever claim","false"
"651","Friend race","Cell","Politics already space fine strong environmental which figure rich else woman admit along","false"
"652","Court north","Part","Toward study under economy if experience control game PM picture truth","true"
"653","Foreign ok","Stage","Garden wide hair surface cup special better lot","false"
"654","News gas","Grow","Here between staff someone realize history bad teacher lot main sort","true"
"656","Security","Generation","Many standard dinner learn view paper song election southern computer","false"
"657","Sure available","Prevent","Contain here water thousand soon media","true"
"658","Feel","Table","Nature fire including television wind baby matter they","true"
"659","National mean","Contain","Often prepare cause behind impact rock seven finally sister know inside","true"
"660","Material","Involve","Section range structure leg few science least someone kind finish chair","false"
"661","Wear","Table","What agent other although game catch appear","true"
"662","Marriage within","Quickly","Success television of marriage design feel ever","true"
"663","Soldier of","Training","Company high middle red structure between follow game prevent smile century those","true"
"664","There expert","Late","Save offer nice bit everybody song seek mother cold adult job read","true"
"666","Kitchen read","Training","There office institution well public role","false"
"667","Life traditional","Rate","Side Congress only forward table skin rest","true"
"669","Parent","Involve","Probably score two data fear lose bar hope community instead","true"
"670","Parent company","Contain","Guy we step Republican inside return today worker event","true"
"671","Group value","Cell","Year four above water born policy single","false"
"672","Onto state","Late","Explain edge kid he unit quite seven fish forget answer other follow stand","false"
"674","Head author","Consumer","Position keep whether authority concern win service effort line rate by pull","true"
"675","Each shake","Central","Act entire response want pretty high choose so you wear","true"
"676","I","Money","Little investment late describe lay learn","true"
"678","Skill where","Central","Base color among should if summer own there","false"
"679","Last","Money","Matter continue Mr threat activity science woman around reach","false"
"681","Past operation","Table","Off movement call myself give think establish treatment sell","false"
"682","Floor growth","Grow","Very pick evidence space class read doctor base suggest dog","false"
"683","All last","Late","Determine pass employee girl end trade above know cold officer week peace should","true"
"684","Yard much","Street","Tree realize professor yourself control budget nor mouth hit stuff would adult important","true"
"685","Imagine","Case","Fill feel fine time rest reflect so hospital choice anyone treatment point shake","false"
"686","Name represent","Street","These who ball environment community issue its size down","true"
"688","Concern other","Contain","To simply expert fear ahead hundred","false"
"689","Give spring","Congress","Material us understand politics heavy share carry business","false"
"690","Sign","Training","Agency itself fly with western whole third pretty resource vote beautiful","true"
"691","Focus care","Study","President either personal adult lawyer relationship white lose become bad might join","true"
"692","Direction","Money","Black it type education likely issue happen","false"
"693","Total","Contain","Southern consumer role brother effect detail","true"
"696","Movement fact","Late","However camera fund operation dog mean him","true"
"697","Respond","Base","Report million light I let claim foot reflect focus ten behavior","false"
"698","May remain","Study","Fear concern yeah woman control simply different both enough tell phone experience building","true"
"701","Expect law","Social","Next nor they use even grow half air protect term run","true"
"702","Age commercial","Always","Send decide perform field culture since table artist certainly","true"
"703","Machine","Firm","Herself fund other short generation protect us if determine","true"
"705","Moment","Think","Help spring only interest analysis four leader finish upon feeling stuff stock social","false"
"706","Generation","Central","Year better sound help imagine remember second tell perhaps green national current agreement","true"
"707","Message four","Generation","Address yeah list rest old industry","false"
"708","Yes listen","Contain","Common catch never rate appear have far book","false"
"709","Near","Table","Which brother reality fear growth tell standard kind house medical clear","false"
"711","Cut body","Late","Check five off else black agent collection decade foot program fly do question","false"
"712","Young","Money","Phone training TV new image down thought much","false"
"713","Far","Part","Question adult range human while economy","false"
"715","Another","Throughout","Bring tell only painting road oil table political these","false"
"716","National affect","Contain","Matter someone knowledge group improve write field","false"
"717","School practice","Throughout","Whose agency likely other commercial tell compare key choose world door add","false"
"718","Happy","Contain","Your stage kid send number believe after herself agency official defense worry","true"
"719","Teach American","Money","Her pick million those present city could glass as energy weight nice","false"
"720","Mother any","Street","State assume after international form usually thank radio hotel prepare knowledge several see","false"
"721","Child former","Money","Possible sure safe model various west realize question modern discuss activity usually these","false"
"722","Happen","Throughout","Citizen risk fund talk five lose","true"
"723","Old","Part","This with local idea someone beat pressure write environmental create usually ask story","false"
"724","Hope carry","Think","Base finally course throw discuss family prepare","true"
"725","Voice ability","Throughout","None difference rather audience toward after sell read crime middle show cultural camera","true"
"726","No of","Late","As nearly here provide despite only","false"
"727","Game until","Involve","Mouth source crime wonder strong wear option take case almost central","true"
"728","Friend voice","Grow","Pressure security car simple tree will","true"
"729","Institution","Late","Religious then hospital catch believe order project game right benefit police tough safe","false"
"730","Yet recognize","Consumer","Wear civil hard voice each camera our too imagine commercial","false"
"731","Magazine","Street","College focus financial wind way design discussion full bed","true"
"732","Common","Cell","Produce attack day area executive own husband nice board many","false"
"733","Color wait","Across","Thousand material always technology increase key ahead newspaper also","true"
"734","Give","Consumer","Where hope establish toward great very south government goal","true"
"735","Tax those","Case","Reality bag gun provide seem force","false"
"737","Model hit","Table","Hit later network six challenge drive","true"
"739","Low five","Generation","Include radio now answer simply fly much","false"
"741","Fish wear","His","Approach think morning without scientist attack hour prevent spring","true"
"742","Glass","Think","Popular tonight report yet include western card Republican charge east position","false"
"744","Tree project","Cell","Safe risk already land late ability international where ready","true"
"746","Interview language","Contain","Together painting unit make wish who bill son writer","true"
"747","Idea country","Late","Control budget red maybe north he any well able seven","true"
"749","Against list","Think","Grow ability test fish reach follow today sit arm culture piece wait","true"
"751","Seat","Case","Sense economic long on speech national","false"
"752","Get industry","And","Word hear every bring along according guy","true"
"753","Best","Part","Billion sell Republican stop everything shoulder theory article sing defense","true"
"754","Too raise","Stage","Young draw think specific rock bring loss child","false"
"755","Add","Generation","Between left by second bring clear by evidence expert","false"
"756","Guess example","Base","Pressure audience manage value team food those","false"
"758","Help important","Contain","Chance on example party drop general group poor prevent debate see student according","true"
"759","Every end","His","Both benefit avoid difficult buy people design create technology night picture through","false"
"760","Election","And","Speech out pass true marriage one traditional knowledge skin","false"
"761","Song","Central","Run wish view matter exactly whatever such difficult","true"
"763","Attack","Central","House argue tonight hospital voice white final type","true"
"764","Argue","Cell","Community himself event quickly decade policy growth table young economic range","false"
"765","Focus public","Table","Nothing Republican hit this beautiful good real","true"
"766","Individual decade","Central","Edge generation live report half hour bed avoid minute","true"
"767","Great","Prevent","Mr eight board agreement outside loss ever seven late trouble series","true"
"768","Above","Part","Statement debate experience onto goal recognize call its","false"
"769","Question risk","Base","Including these on machine among several","true"
"770","Stage ability","Firm","Perform part structure task on hold him unit measure box far to campaign","true"
"772","Cost four","Congress","Yet similar can prove not learn worker","false"
"773","Stay","Late","Finally education Mr far hit box child each identify card else","false"
"774","Training history","Case","Rest less begin order drop trade floor","true"
"775","Alone","Consumer","Year professional try agency skin teacher direction we up respond suggest how","false"
"776","Fall play","Late","Black Democrat girl hospital from likely teach read start admit sea","false"
"777","To money","Less","Team pretty sea rich although now use","false"
"779","Every","Generation","Realize view recent back economy artist while nation Congress suddenly","true"
"780","Open reflect","Cell","Similar race party positive music field note level power any once coach","false"
"781","Assume miss","Think","Those middle beyond college myself six manage use possible decision","true"
"782","Drive","Contain","Three concern growth worry station rich use security son material pattern","true"
"783","Environmental","Less","Example pick she likely go act","true"
"784","Art will","Base","Leader street memory group west ok until will else main first help","true"
"785","Series many","Late","Do might report player piece about nothing","true"
"786","Water","Cell","Size meet since walk human scene west course very there between","true"
"787","Relate","Cell","Suddenly project father look on local very although leave network establish support","false"
"788","Interview","Throughout","Single relate town attack along reality teach allow Democrat by","true"
"789","Think world","And","Bag treatment director produce push cover she","true"
"790","Team without","Less","Stop others society number set energy management remain government piece father sister","false"
"792","Image day","Across","Possible article tell social no last statement cost develop important give","true"
"793","South hair","Case","Bill phone capital simply read although heavy","true"
"794","Lay election","Central","Take shoulder pick child drive which board support to stop audience seven anyone","true"
"795","Rate","Grow","Interesting wife cause amount arrive down role sound court tonight","false"
"796","The","Contain","However build take either do down act two difference paper something popular recognize","true"
"797","Front","Congress","Effort example week rule amount all expert price sign","false"
"798","Statement","Generation","Gun few attorney claim head hour religious national","true"
"799","Able","Training","Performance production then though moment study teach perhaps culture brother over","false"
"800","Community","Base","Career drop should leader whether they Democrat","true"
"801","Particular","Firm","Strategy safe reach address offer well keep effect","false"
"802","Natural statement","Prevent","Successful produce some image leave he source small mind official guess for","false"
"803","Clear","Study","Lay difference per look crime current discover","true"
"804","Scene yes","Base","Treat eye address choose life station quickly together","false"
"805","Network ten","Prevent","Off image move alone ever plant land guess","true"
"806","Kitchen customer","Training","Week the measure month already newspaper technology discover believe","false"
"807","Pattern","Think","Community meeting play apply interesting become which","true"
"808","Age instead","Less","Street probably break current major staff science car","true"
"809","Eat","Training","Activity above spring despite give economic meeting government","true"
"810","Power determine","Always","Scene draw mind hold section quality wall crime detail painting difference who","false"
"811","Manage section","Street","Best local two college popular process research concern specific remain successful in understand wall","true"
"812","Policy","His","Their effort music behind audience themselves","true"
"813","Serious school","Cell","From figure pick become across late past","true"
"814","Nation push","Table","Stock party stop ready public often to together","true"
"815","Whose list","Prevent","Season indicate ask rest brother field","true"
"816","Difficult area","Always","They thought already citizen perhaps despite teach box","false"
"817","Major their","Across","Reality item writer when similar special about above rise test ago may behavior religious","false"
"818","Shoulder necessary","Rate","New culture seat level much subject new television kid really drive","false"
"819","Look bank","Late","Window want painting relationship administration citizen bank piece even beautiful out method","false"
"820","Factor evening","Social","Church kid help west million pick analysis with speak different situation","true"
"821","Bank quite","Part","List attention training might forward help office public statement","true"
"822","Still","Congress","Exist school without become Congress young politics during heavy other nothing down main","true"
"824","Operation look","Part","Land character until simply blood tonight fall peace want cause statement","true"
"825","Ago","Firm","Particular fund leader laugh room company task small","true"
"827","Successful make","Less","Leader individual science to author bad history still among event fish job","true"
"828","Hand","Quickly","Order interview now hospital firm area team indicate whether outside interesting unit skill","false"
"829","Trade political","Cell","Account still hard door moment expect","false"
"831","Human but","Study","A career Mrs ball much always already happen mean","true"
"832","Report","Social","World more speech increase radio wonder","false"
"833","Bag end","Throughout","Herself boy others billion effect special talk fish cut already","false"
"834","Out beautiful","Cell","Recently type star movement crime seem listen","true"
"835","Voice my","Study","Attention really central ball blue student","false"
"836","Treat result","Study","Everybody personal week stock bank choice number wind away unit military","true"
"838","Child","Contain","Become call mouth coach walk wall","true"
"839","White blood","Contain","Ready Democrat something everybody wife bar discussion difficult enjoy build south","true"
"840","Continue","Late","There area nation size your tree blue star despite pay especially finally","true"
"841","Power","Prevent","Surface treatment point performance human those growth yes item thousand","false"
"842","Loss baby","Part","Possible he that choose particular check","false"
"843","Natural pass","Consumer","Test choice board relate recent house bring car","false"
"844","Consumer nature","His","Increase condition pass bad miss section learn relate visit","true"
"845","Scene couple","Grow","Cell program skin attack you dinner learn support election data team five","false"
"846","Discuss my","Involve","Charge story hold live soldier miss","false"
"847","Growth rock","Late","Space piece maybe first eat federal develop real over individual position","true"
"848","Produce really","Late","Nothing trade return difficult sister occur walk police still effect shake understand","false"
"849","Name anyone","Part","Hear church stop wear mean glass","true"
"850","Color","Consumer","Heavy item wear wife but part Democrat wind specific work","false"
"851","Game","Always","Think purpose how opportunity hand during home partner actually feel","true"
"852","Set fight","Late","In vote blood environmental get try body begin","false"
"853","Recently cover","Generation","I he society become into system population generation think","true"
"854","Mind","Prevent","Face be nothing girl effect tough ground try","false"
"855","Chance church","His","Small year former stuff more billion financial tree foot","false"
"856","Three finish","Throughout","Majority third account form evening follow box significant decision","true"
"857","Far sit","Central","Smile believe section foreign know three","false"
"858","Ground","Involve","Down face rich she environment sit data officer road everyone everything","true"
"859","Choose personal","Less","Describe dog finally education physical traditional join both fight special actually size assume","false"
"860","Less","Money","Send American play know white people he exactly reflect best population learn successful","true"
"862","Government","Always","Agree population affect it age coach organization wall","false"
"863","Inside section","Table","Tonight two possible card eye for another","true"
"864","Main","Stage","Fast figure himself thus member simply bill up professor ground small","false"
"866","Detail seem","Rate","Already bar third practice soldier least safe audience together southern drug short will","false"
"867","International","Prevent","Per if smile I although tend hit seem standard","false"
"869","Effort perform","Firm","Animal receive share beautiful perhaps human edge local fine owner mean although boy until","false"
"870","Force","Rate","Where writer teach fear north mind","true"
"872","Would","Consumer","What certainly image place reality money until","false"
"873","Employee","Case","Them land behind program western management organization","false"
"874","It cultural","Less","Eat central arm society sometimes agreement operation teach set house statement","false"
"875","Group candidate","And","Push any pull leg mission war former space high likely opportunity if PM","true"
"876","Staff card","Late","Use top responsibility establish pass despite","true"
"877","Hour","Cell","Join order speak knowledge change hour","true"
"878","Middle the","Part","Section simple group training plant agent loss goal her continue","true"
"880","Oil","Prevent","Current response specific return less staff they drop former different","true"
"881","Act good","Money","Often how college bad watch forget growth maybe oil morning yet word every","false"
"882","Movement","Case","Like focus speech bring free always able suggest speech tax somebody stay","true"
"883","Total sister","Consumer","Physical official against because both drug month note institution along she","false"
"884","Certainly","Consumer","Cover course race road would account face not occur leader","false"
"886","Front voice","Rate","Experience whether share network performance money blue by benefit beat energy man so buy","true"
"888","Sell cell","Congress","Others smile wife middle but among","true"
"889","At new","Study","Size result place imagine about business provide group box high industry begin security","true"
"891","International born","Stage","Word least shoulder make certainly book quickly century bad other","false"
"892","Care be","Late","Wonder PM boy party policy fund more every","true"
"893","Plan","Prevent","Son although store economic himself easy own hotel number cover writer give","true"
"894","Suggest former","Generation","Later debate provide lot civil that","false"
"895","Result","Firm","Once show indeed fund statement only fast","false"
"896","Position","Contain","Mission however want discover add investment us look simple","false"
"897","Also","Less","New full do generation program record others there character street","false"
"898","Know","His","Trial public fund official movie under police admit student three yard","false"
"899","Across vote","Money","Range loss clear political than read staff second including certainly girl","false"
"900","Culture","Late","Happy skin analysis energy itself number baby recent","true"
"901","Yes analysis","Congress","Recently describe director task store lead admit value administration speak","false"
"902","Sit treatment","Involve","Bank group lead floor traditional should open","true"
"903","Improve practice","Part","Similar yard himself too sure lead detail listen effect rise shoulder feeling someone","true"
"904","Ten","Table","Exactly character special walk nothing describe cell would century maybe","false"
"905","Note model","Street","Type daughter always again whatever watch property war","true"
"906","Operation impact","Think","Painting dog provide subject group move return","true"
"907","Fast hair","Money","Take back with American find side good number such grow medical guess according","true"
"908","Feeling why","Consumer","Long drug song east purpose end site woman ever reflect whom so","false"
"909","Floor","Case","Minute much none adult event range believe street sort still difficult environmental","true"
"910","Push star","Across","Difference new discuss fear know head dark firm discover official","false"
"911","Word","Street","Project decade themselves option bag process science west","true"
"912","Show","Prevent","Certainly question provide central reduce security factor true run beat why radio","true"
"914","Yes","Always","His record front compare rest area series live tend law there","false"
"915","Receive bed","Throughout","Nothing property avoid center front seem serve any century","false"
"916","Subject science","Firm","At remember ground where music above","false"
"917","Interesting charge","Cell","Way without example anything eat care dinner red through hear fish","true"
"918","Word from","Consumer","Here question reflect scene represent radio system you wish","false"
"919","Middle","Part","Citizen you easy summer house way member begin camera fire certain expect","false"
"920","Watch writer","Involve","Anyone professional base quite air record like","true"
"921","Course","Cell","Ever kitchen participant expert administration not call stay","false"
"922","Listen social","And","Resource black four start machine manage because","false"
"924","Least","Training","President deal station sport card tough care","true"
"925","Figure support","Throughout","Wish game fall such material break","false"
"926","Present suffer","Rate","Responsibility likely official seem not store serious whole seat","true"
"927","Several turn","Quickly","Man thank ever market full field least success society","true"
"928","Seem machine","Rate","Right natural small direction life scene exist team think culture success","true"
"930","Receive","Quickly","Social people past staff fire manager what great ahead rest include despite wind","true"
"931","Six ready","Rate","Appear up bring market full talk service industry realize","false"
"932","Head natural","Stage","Pick heart more message economy send as truth","false"
"933","Summer natural","Social","Shoulder live movie ready one use near able","false"
"934","Mr door","Late","Nothing camera crime business show main raise commercial","false"
"935","Recognize represent","Throughout","Investment rich author friend need fill treat trade","true"
"936","Control","Late","Clear moment law if piece part however church network citizen nearly force","true"
"937","Resource","Rate","Service cut per without how most his high career grow necessary","true"
"938","Yeah cup","Case","Article apply attention south hot hear fear heavy party serve relationship","false"
"940","Pay","Table","Buy everybody well teach apply draw population north challenge true character","false"
"941","Several game","Base","Drive might employee ever teach as table put central upon","true"
"942","Stand","Congress","Name property opportunity west discover PM growth big create population stand reason control","true"
"943","Expect improve","Involve","Letter put push decade recent loss morning","false"
"944","So popular","Think","Father family her marriage fight make enjoy concern rest","false"
"945","Wrong","Money","Report well prepare view mouth change other left","false"
"947","Story send","Table","Prevent various bed poor view eight attorney attention remain","true"
"948","Catch most","Study","Debate gun science pass become various recognize success population service through","true"
"949","Party sit","Rate","Baby notice what available whether red trouble travel Democrat since mission issue middle","true"
"952","Than hand","Throughout","Nice subject above service tax customer difference others much loss customer yourself","false"
"953","Add nor","Money","Former point support attorney similar toward drop structure since process above performance","true"
"954","General there","Consumer","Somebody training cell situation religious eat unit participant among onto","false"
"955","Worker health","Stage","Tree current than somebody financial individual according purpose whether visit west","true"
"956","They","Central","Lose run reality until item throw we chance billion should gas bring role","false"
"957","Argue them","Always","Bit personal me court who challenge thank case seek","true"
"958","Light issue","Prevent","Financial clear house this charge national mother long seem out begin","true"
"959","Bring need","Think","Rich must hand job majority bad be over stand understand idea case wonder","false"
"960","Study once","Late","Star carry return bring pressure cover number pretty kid always write manage various","false"
"961","Young theory","Quickly","Police military offer exist threat peace page police sister may people","true"
"962","Way also","Think","Unit art forget positive send budget nearly most war both","true"
"963","Significant material","Always","Protect receive stuff carry himself million staff choose look","true"
"966","Threat treat","Think","Pick voice Democrat pattern speak about American ready area specific","false"
"967","Forget","Quickly","Wide once hold assume campaign then environment realize interest how out tree source","true"
"968","Full teacher","Generation","Agent same note position see born throw before since television computer daughter","true"
"969","Institution half","Generation","Include article form buy scene responsibility range factor itself address safe","false"
"970","Area term","Quickly","Success most forward say establish forget position western share site population prepare air","false"
"971","Professor","Less","Finish man enough rich follow idea onto none phone no concern me avoid","false"
"972","Risk","Rate","Clearly laugh ten news cultural arm final middle debate indicate meet rate onto opportunity","true"
"973","Growth shake","Prevent","New high poor last true half open also learn","false"
"974","Whether","Training","Chance short answer lawyer conference coach identify score exist","true"
"976","Compare letter","Across","Them join agree word total plant recently quality scene week manager enjoy","true"
"977","Degree music","Generation","South piece success bank eye letter may feeling person","true"
"978","Democratic then","Involve","Small opportunity church high level article ball test candidate","false"
"979","Visit paper","Stage","Business hand nation bit loss rate red television response draw","false"
"980","Peace professional","Generation","Provide commercial class feel win whether","false"
"981","While","Stage","Single exist animal when scene ago under reflect","true"
"982","Tonight","Late","Possible necessary rule stay argue to south decision worry","false"
"983","Agreement network","Involve","Tonight lawyer her number administration collection recent example","false"
"984","If","Involve","Performance artist toward land public age professional send poor yeah research who take","false"
"985","Drug other","Always","Once plant painting force poor give ready sister television","false"
"986","Value moment","Quickly","Product of himself themselves hand allow report everything","true"
"987","Treat real","Late","Remember doctor mind station hot carry she","false"
"989","Degree fight","Rate","State probably commercial capital short human difference add watch daughter quite","true"
"990","Position have","Street","Choose firm truth cover type sort hot truth price reason year","false"
"991","Run inside","Firm","Either certain record early front draw seat artist office sea democratic","false"
"992","War out","Training","Painting key network mother bank agent character bar fish","true"
"993","Expect course","Congress","Event stay trade century into newspaper media leader list meet campaign","true"
"994","Finally candidate","Rate","Thank affect within it find able mean great","true"
"995","Forward party","Training","Treatment because great perhaps other seven reach modern production available raise according evidence","true"
"997","Marriage","Rate","Machine Republican type behind anything debate recently","true"
"998","Son lot","Street","Recent mention much civil pressure rock identify wide health choose action care","true"
"999","Example upon","Stage","This detail give hot option key travel event perhaps class teach pass","true"
