"17","10","2018-09-05 06:01:34","Treat station suffer book score within occur concern","3"
"31","159","2010-09-23 03:32:22","Close much authority shake also stay","3"
"45","10","1999-04-12 22:12:20","Option my serve bed some teacher medical hit idea","4"
"33","165","1984-06-12 06:20:50","Provide medical hour reveal knowledge memory number crime reduce area","3"
"33","75","2001-06-04 00:27:30","Including box improve factor study site accept source site identify","5"
"13","138","1999-02-16 21:12:31","Fine if live newspaper hospital small","1"
"42","35","2006-06-28 04:36:53","Perform much special modern major meet southern during behind senior rise direction","3"
"13","199","2004-04-06 10:08:50","Must whose pressure call usually wrong no explain book stop letter","4"
"23","124","2008-09-02 22:28:48","Author sign soon particular building end return ever try product thing beyond","1"
"14","95","1979-01-12 08:45:07","Dark life girl sister main us significant age everyone represent","2"
"2","187","2005-02-02 19:34:10","Hot affect friend glass home six event time you man","3"
"36","63","1982-06-12 17:17:29","Add religious sing week alone brother herself very tough computer type order maintain","3"
"12","55","1979-05-14 08:46:08","Decade candidate officer rate detail voice enjoy story land firm","4"
"30","120","1977-04-11 22:47:27","Some between animal raise bring those push threat answer","5"
"47","14","2001-08-14 16:43:11","Look sister gas face offer administration indicate answer carry size","5"
"37","43","1989-09-08 21:14:15","Ok couple grow reality series treatment major contain suddenly between why result","4"
"30","14","2009-04-13 04:37:46","Election important brother join positive least music technology","5"
"16","4","2016-10-25 05:51:47","Impact would general wall about employee why response young","3"
"0","29","1999-11-06 14:39:58","Able popular red arm unit event wrong time keep herself","5"
"28","137","1980-07-31 15:19:04","Truth pass painting from next enter spring","5"
"20","124","2000-02-16 22:37:17","Value conference lead federal focus long sea teacher among garden once good","5"
"42","60","2000-04-02 04:34:35","Politics food month bit no person off tree evening avoid cup thousand possible","2"
"13","189","2007-07-29 18:13:50","Stop cover behavior rise employee reveal thus modern thought","2"
"9","150","2006-05-06 22:29:34","Player east including consumer your edge admit evidence agree across cost","2"
"3","137","1987-07-14 00:09:54","Machine affect message body perhaps only choose doctor artist whom value analysis","2"
"27","166","2012-12-25 02:54:01","Support could risk with more price material","1"
"31","187","2005-10-22 01:54:24","Nice industry culture face shoulder bad home affect wear anything","1"
"6","199","1979-12-28 20:39:01","Age compare people meeting century lead there soon hand share leg west method very","4"
"39","64","2002-07-15 19:57:13","Policy not style lead visit employee","1"
"25","137","1993-11-29 15:37:56","If occur bit what provide training allow until push story poor according","5"
"13","50","2012-12-28 18:18:55","Group force agreement question point under degree when find","2"
"33","52","2020-07-29 04:03:55","Through both let save much force team other alone learn size industry close","4"
"35","23","1986-05-02 17:11:57","Place million well health table this skin reflect nation attack","5"
"19","29","1994-12-04 19:08:04","Seem plant prepare evidence certain for everybody society among","4"
"4","185","1973-11-13 21:22:13","Point already world specific include music environment likely rate than","5"
"42","1","1983-02-14 21:04:42","Various second report certain possible him along bring notice outside","1"
"10","161","1989-03-22 04:20:45","Model early if cup true let tough collection","3"
"26","24","2015-05-28 12:47:09","Oil happy thing others between poor sister","3"
"18","138","2004-03-04 14:48:52","Structure public include return bed style board","2"
"11","135","1986-12-30 23:46:05","Imagine various return lay cup leg become television matter number stop city mean","3"
"20","60","1980-07-10 05:16:06","Sing quality relationship say poor church positive air collection","3"
"49","84","1972-01-16 19:40:59","Method impact college hot under box whose president energy raise when training wall","4"
"47","161","1982-02-03 08:19:53","Dark family thousand through size writer ago ask half however suddenly","1"
"23","115","1983-10-08 03:36:36","While head development manage available health hand just military change better quality","4"
"27","62","2011-09-03 19:28:09","Kid network truth property half deal bad people win either","1"
"3","88","2005-09-08 12:16:34","Talk painting community close simple drug live if news detail","4"
"47","165","2001-07-02 05:29:33","College ground center commercial represent general site how key","2"
"44","169","2001-02-08 22:12:48","Picture order another significant large dog write act little unit","2"
"15","132","1978-11-23 06:44:55","Professional professional remain recognize anyone understand result need moment star lay technology recent","4"
"15","159","1975-12-08 17:10:29","Party eat court strategy base black cold near mission involve","4"
"45","146","1979-09-04 05:54:54","Feel right performance everybody key who","2"
"38","130","1993-02-07 07:03:45","Need media first seven language must since whole staff","4"
"26","129","1977-05-15 23:21:56","Perhaps spend whom plant cultural day east quickly PM new learn","3"
"11","177","1985-07-04 08:58:18","Set you question follow yet meeting outside cover happy office myself himself about","1"
"30","68","1990-12-20 03:51:04","Thing they it improve clearly though important pass pull letter","2"
"43","62","2021-08-28 00:49:36","Suggest federal day body customer significant interest thought say detail my with memory","2"
"1","98","2004-02-05 04:57:23","Instead late put method job small much public across expert firm science series","2"
"16","69","1987-05-11 05:23:11","College police direction thing suffer fact within matter","4"
"9","11","2018-02-01 16:46:05","Teach free beyond pay style work choose simple around million","1"
"43","25","2014-03-30 16:03:53","Church act main too cause father","3"
"32","22","2012-04-13 14:49:19","American owner while forget eight look concern consider reason story","1"
"4","97","1993-12-08 04:45:36","View few type feeling grow his appear clearly heart","3"
"3","88","1992-08-30 05:06:25","It together police walk close sister drug yeah","1"
"0","50","1997-12-18 06:20:06","Similar full drug research system whatever nothing up wind they tell choose","5"
"49","154","2013-01-08 07:20:15","Admit film benefit attention myself onto class yet paper official our","1"
"27","96","2019-10-19 18:36:04","Protect lay style position drive within rock","4"
"23","16","2017-03-02 14:10:32","Out wonder list bit positive there woman tell music","5"
"28","169","2019-03-05 01:37:36","Moment world hear media finish network today","2"
"22","98","1986-06-30 16:20:13","Know million region pay almost possible coach site in reality as","2"
"9","147","1984-04-22 20:56:16","Consider quality American wrong president evening network hair create student safe","4"
"33","43","2017-02-05 05:05:26","Sport executive door benefit include song oil","4"
"19","191","1989-10-31 16:19:27","Situation that practice officer police positive that","5"
"4","89","1995-04-25 01:59:29","Rate support fall commercial late black west can network manager TV","3"
"28","60","1974-10-17 10:33:02","Now reduce myself street scientist window program case","4"
"25","150","1989-07-17 22:36:49","Professional school culture without clearly adult then herself charge","2"
"34","137","1997-03-05 19:04:09","Address best type tend culture art energy significant","2"
"8","176","1978-10-12 06:14:48","Treatment ground outside language good he probably doctor mean activity team democratic pay","1"
"44","118","1972-08-20 16:34:50","Song away experience game give ball behind coach nearly their especially prevent tonight","1"
"36","92","1972-05-22 04:58:01","Language red other phone so inside especially","3"
"1","35","1992-08-16 14:20:02","She event majority painting nothing matter available each research loss girl behavior","5"
"20","102","1979-05-05 00:51:11","Move nor manager fund police defense lead certainly without try","1"
"1","43","1979-08-04 04:15:46","Show for discussion course kitchen listen seven draw upon","3"
"15","75","1975-08-08 23:34:33","Simply teach garden space while all cell seem","4"
"18","88","1983-04-28 12:48:16","Large before political class group not fill good put although woman series","4"
"44","33","1998-06-01 01:19:58","Enjoy outside fall can college history instead ok senior idea my sometimes ago consumer","5"
"0","121","1993-09-17 06:24:13","Now loss bad training sometimes perhaps anything majority color","2"
"0","108","1973-03-16 11:59:45","Process until brother strong star treatment indeed top improve improve","2"
"23","37","1975-08-20 09:53:06","Candidate certain fall national cost edge","2"
"0","0","1999-02-11 20:29:13","Notice fund yard art against PM buy","5"
"22","20","1983-08-11 10:05:10","Station officer toward each every fine let action nation happy","5"
"15","11","1998-03-28 21:16:52","Apply fall seem lose action film my break management answer heavy couple industry","4"
"41","191","1978-06-17 09:11:17","Wind nice new mother air evening agent science grow tough call","1"
"13","8","1982-02-04 03:58:00","Night often reflect lead continue medical","2"
"40","124","2008-09-12 04:52:10","Key watch their money watch address such no","1"
"15","75","1971-05-09 19:10:50","Almost continue result those do lot sit","5"
"39","192","1986-03-04 07:13:31","Rise former even century between administration any safe voice deal campaign owner","1"
"35","24","1994-04-01 23:00:44","Case everybody effect pick system herself year let child","2"
"47","110","2004-03-12 13:50:22","Interest culture become once case media special","1"
"11","131","1971-09-15 18:50:14","Financial drop water table race sea thus","3"
"33","11","1985-12-15 19:54:29","Job manage ready of program political board apply adult democratic structure apply","4"
"3","185","2008-02-08 20:57:41","Either successful four develop according note either task forward","4"
"20","53","1972-03-03 08:08:36","Adult future phone contain during as eight","1"
"7","110","2003-10-29 04:12:04","Necessary open pretty detail say protect senior program possible","5"
"44","161","1970-03-27 17:02:07","Body before politics number none skill far light","4"
"0","29","1985-08-30 20:18:53","Sit son stay the into nor into doctor scientist age serve help with","3"
"7","52","1975-04-21 06:24:17","Hand sell carry population bring loss form maintain","4"
"35","23","2017-07-08 23:29:14","Between news mind play instead field war sort","1"
"26","64","1977-08-13 07:51:08","Not war current the good watch own prevent skill artist","4"
"46","152","2018-10-19 05:53:56","Nation across popular call near benefit major professional expert section weight herself","1"
"24","131","1973-06-01 21:13:41","Sure type stop sister less type decision important law","3"
"10","95","1988-08-25 22:59:52","First time wife she early window","3"
"45","38","1976-02-29 16:52:34","Agree field small training remember heart make budget executive compare artist adult","2"
"38","194","1992-06-23 19:49:49","Drug success sea door maintain loss she mind or picture draw","1"
"42","150","2012-06-02 09:05:12","Research stage not task outside wind point agreement sell together","4"
"42","115","2006-09-27 19:53:18","You military senior reflect author base international admit moment such add","2"
"2","66","1971-09-16 12:13:13","Enjoy particular still why performance way task second weight moment many important to design","4"
"22","70","2010-06-25 06:57:55","Such notice different argue officer general guess run","5"
"46","59","1996-05-30 23:46:50","Least magazine plan relationship stand instead site once have free argue yeah feeling change","4"
"21","43","2010-12-07 07:22:08","Off analysis turn natural may government century prepare","5"
"28","180","1998-04-24 10:43:49","New public trip start describe human stay sit religious direction they write media","2"
"49","52","2019-01-27 14:37:07","Road building nature other method movie pick man face radio","3"
"8","152","2008-06-11 18:42:25","Foreign both material wrong camera fast recently human toward something daughter","3"
"46","178","1980-04-24 19:08:45","Also network security red himself job sound land more sister inside just several","5"
"18","96","2015-11-01 20:27:49","Institution action social become fish child shake star soon","1"
"7","150","2017-01-02 23:46:18","Build with both black public drop born upon","1"
"12","118","1991-03-19 07:10:07","Son prove many company only environment culture record recent nor current great little","3"
"2","114","1983-03-20 15:37:23","Deep live sing boy report meeting","1"
"7","43","1976-04-18 19:48:22","Air he tree these also follow director there ok stock performance","3"
"44","115","1985-03-17 07:29:50","Budget other particular six family student later have","4"
"14","72","2016-06-30 19:43:31","Heart own whose risk resource popular let light bed year","3"
"47","36","2006-07-04 04:10:42","Popular area group go respond relationship open look play war particular drive not","2"
"3","147","2011-12-14 15:05:53","Listen anyone north husband movie interview apply than baby cut science number","3"
"17","95","2019-12-01 23:47:34","Prove staff think try society fund event","3"
"5","8","1997-01-04 21:30:19","Myself learn cup order live process let spend easy particular interesting hair","4"
"36","146","2007-06-27 00:04:32","Amount forget might company around work director myself nation","5"
"30","104","2004-08-22 03:23:58","Government forward last bed play look property","4"
"18","171","1976-01-07 18:50:51","Car painting employee within reach couple school among although evidence road","2"
"29","113","2012-05-22 20:55:16","Still same degree strong over authority one discussion","4"
"19","43","1989-11-24 11:51:58","Citizen group wrong happen quite time southern","5"
"26","24","1984-01-15 10:47:11","Help control thought what run amount guess safe age likely","5"
"49","35","2018-11-22 14:32:07","Deep protect attack article age others ground machine the billion song television benefit","4"
"13","184","1982-11-29 16:54:14","Theory account positive Congress thousand high apply great attorney interesting throughout","1"
"26","85","1993-12-02 10:09:28","Step rest treat head you reason buy public nice but","5"
"26","137","1975-08-03 05:48:10","But baby every law case whether notice live figure","5"
"46","177","1976-06-03 07:12:06","Product write cover drug follow play process","2"
"36","152","1977-01-05 21:07:37","Stage time late guess stand increase hold provide article drop join well","5"
"18","84","2020-04-14 21:09:30","Teacher administration run allow have drug child life sea show why every","1"
"1","192","1990-04-09 13:30:13","Case wrong bad issue with style foreign dark enter politics evidence seek point","2"
"37","171","1981-04-26 02:18:12","Stage enter foot hundred fill blood life capital like","5"
"15","138","1989-07-04 13:09:36","Produce fish record why discuss agreement","4"
"46","138","1992-04-18 23:04:26","Later general fact which who fall check morning role across civil last","2"
"40","130","2018-12-10 06:23:38","Turn whatever perform idea not treat politics unit record","2"
"29","76","1995-01-29 01:11:55","Race artist occur forward decision break security a management author into weight peace","5"
"1","36","1997-09-01 22:11:10","Yourself hear parent participant scientist arm shake sort eat upon","2"
"19","33","1990-02-22 19:16:55","Yet message agent gas project arrive court fund food","5"
"35","55","1974-11-12 07:34:22","Behavior for when generation care entire friend follow career bad fine final provide","5"
"41","104","1972-02-15 16:32:57","North big sign exactly guy order none citizen plan change","3"
"17","177","1971-03-20 08:11:05","Respond make rather from company soldier course sit owner author","1"
"24","121","1985-10-14 09:54:49","Manage identify man ability part common modern story have talk free couple the fight","1"
"49","191","2014-03-18 10:33:04","Position floor amount either sometimes sign chance especially certainly move answer conference everybody","2"
"48","169","1997-03-17 04:02:00","Drop kitchen without article debate color","5"
"34","118","1995-02-01 17:04:24","Reveal course stay yourself specific leg health training","4"
"4","92","2003-07-21 06:56:17","Thus paper level worker pay their rather almost establish such upon","3"
"13","13","2010-07-03 04:42:04","Few use fund store woman chair wife nor instead","1"
"25","37","2018-03-12 16:42:29","Enter respond need floor life society girl approach car senior election","1"
"17","54","1991-12-29 22:16:59","Key forget century you opportunity fight simple show especially energy","1"
"21","49","2001-05-12 10:09:51","Personal buy four occur certain at wrong","3"
"37","176","1972-03-16 02:40:14","According piece data bit rise party","5"
"36","98","1970-10-07 12:26:46","Black throughout soldier bar do kind and medical level successful young matter","5"
"23","133","2002-05-18 03:32:44","Direction party defense very fear always size friend man minute clear understand","2"
"49","115","1973-02-07 04:37:22","Quite conference what media determine model mouth cup day which worry","2"
"8","32","1978-11-20 23:40:41","Six hope investment who two art machine career race information yet own","5"
"40","131","1992-02-04 10:45:15","Mind table discuss best also reach some in general","1"
"1","184","1978-05-13 02:54:31","Employee thousand miss protect edge authority","2"
"19","54","2008-08-26 12:24:30","Appear phone card film appear build discussion nor arm system at build","3"
"3","88","1975-03-30 00:01:55","Night else big morning next glass guy try nature","2"
"44","31","2015-04-24 16:31:59","Lay level smile suffer some share forward parent article continue center","1"
"35","152","1999-11-10 06:33:10","Open describe practice series figure fear true majority executive common","1"
"16","24","1972-04-18 14:16:59","Either scientist challenge visit ahead same work","1"
"44","23","1972-11-29 08:06:17","Health across everything record answer notice high there bag enjoy life","2"
"15","192","2002-10-03 04:53:39","Speech public less strong consider nothing some current group","3"
"2","98","1983-01-16 20:04:05","Environment better serve war bar threat money individual house blue natural town","1"
"1","140","2020-10-22 06:22:58","Up magazine significant seat song performance should amount person light how everything reality","5"
"2","97","1982-03-13 10:45:27","Surface security own mean growth matter major maybe assume professor","3"
"7","33","1981-09-03 00:50:02","Down people you identify business health policy community option","3"
"26","73","1970-03-10 20:21:26","So country we final stage concern situation thought","1"
"14","43","2007-06-24 19:21:44","Bank least what popular blood present","5"
"24","89","2009-04-26 18:50:14","Pretty crime rest network decide pass law help","3"
"42","176","2012-05-16 20:05:51","Become movement six artist be follow grow effort assume politics","1"
"39","149","2009-04-13 17:20:51","Remain tree into rich effort near red number of meet eat","2"
"14","191","2007-08-07 12:06:16","Just go impact affect book mother member everyone","2"
"29","59","2020-08-25 13:27:54","Across case north decade although arm American amount policy kitchen effort","1"
"17","33","1979-03-12 00:54:37","Real home accept Democrat maintain moment exactly visit culture character","1"
"19","60","2005-08-03 08:59:43","Let majority feel modern growth work mother build learn individual mean","3"
"17","113","1988-12-26 14:35:58","Statement figure record fund somebody couple of different","2"
"26","121","1991-03-24 14:53:05","Before test adult growth within authority","2"
"37","138","1978-07-22 10:37:51","Tell year everything mind short machine remember dark ball anything night open","1"
"44","98","1996-08-29 06:44:11","Exist early product record page citizen own particularly throughout Congress that for much","4"
"26","129","2001-03-28 04:17:23","Ago become source present ever safe term three true never","5"
"41","59","2005-06-11 13:25:11","Itself our people leader type already business read","3"
"20","57","2009-07-07 16:09:45","Follow let check wife customer my left situation economic Mrs issue","2"
"11","96","1976-05-14 09:32:52","Phone physical stage ahead card seven affect avoid term","5"
"3","51","1994-03-26 00:24:49","Send image rate evidence throw stand like just tell cover next","5"
"34","138","2013-07-20 14:52:30","Person conference by good thousand join onto shake","5"
"35","23","1997-08-30 11:43:32","Past hour response enjoy four probably oil political think","3"
"21","121","2006-03-27 11:55:54","The suffer bar condition choose easy both newspaper put eat listen","1"
"46","59","1981-01-13 23:16:18","Manager travel use change federal dinner","4"
"23","124","1997-05-09 17:46:17","Meet amount gun control protect production especially above sometimes","1"
"26","88","1970-04-01 10:45:07","Their month cup early way born","3"
"25","114","1973-06-30 23:26:51","Discuss professor according one role best ago heart money by","3"
"0","73","1990-08-16 11:08:55","Play small control business page modern Mrs lose structure born down opportunity step","5"
"3","76","2013-03-26 15:55:52","As new near month responsibility they choice local size store","3"
"30","194","1986-09-27 23:28:30","Side common civil notice theory front others receive find","1"
"28","127","1979-09-04 12:26:11","Gas answer music return interest wind law there treatment couple happen particular factor hotel","5"
"38","51","1998-10-19 09:13:00","Arm catch wrong short if little speak relate increase response","1"
"39","104","1990-11-10 12:08:44","Tell power letter in green garden personal moment","5"
"28","95","1973-01-18 04:36:47","Action while size success attention entire example","3"
"31","104","2000-02-26 13:04:19","Space notice government citizen away media set tend lose poor","2"
"40","14","1994-03-23 09:53:51","Then none prepare them rather baby well parent here","1"
"12","64","1981-03-24 23:44:28","Usually several real point social guess","5"
"38","33","1975-08-30 13:32:09","Part us will money time coach possible us defense","1"
"42","64","1981-06-30 09:51:25","Drop now usually probably same her box tonight most mind","1"
"33","131","2006-02-16 08:57:51","Ready bag discover same return message animal affect her democratic radio","2"
"40","135","2009-03-16 13:12:58","Explain realize animal back only between investment from fund four","1"
"35","53","2019-09-21 07:09:34","Free foreign beat this true read fire car toward big leave heavy serve","5"
"23","110","1983-06-02 07:02:32","Hospital window range forget sit save necessary officer bed cost understand two","2"
"0","51","2005-07-20 21:47:54","Research state message action force official onto","2"
"45","185","1981-04-21 11:43:38","Score by free available speech middle response already computer daughter man city","1"
"8","121","2010-06-23 23:39:05","Then agent open example partner despite participant","5"
"7","26","1991-08-04 03:08:34","Red budget three attack simple ready message","5"
"4","152","1986-10-16 15:09:55","Consider song glass part cup wall ahead","4"
"17","59","2003-10-05 18:05:41","Laugh attack cause single boy approach receive though before happy than","4"
"38","75","2014-08-30 19:01:56","Year recent too response system laugh decision management space less along woman","1"
"17","165","2004-10-15 04:49:35","Pay institution who wait fast develop hand good","4"
"30","52","2003-12-23 20:09:22","Interesting away form thousand Mrs born sure since","3"
"10","68","1986-11-01 23:23:20","Until score effort family air opportunity ahead scene front play understand","1"
"3","15","1976-04-26 17:52:21","Garden staff reach there mother science fine recognize try","2"
"23","113","2007-07-06 23:01:36","Stuff significant record assume kitchen audience our threat future each two so","3"
"7","194","1992-03-17 20:34:33","Lead he late other door person join lead husband drug account finish when","3"
"9","140","1998-07-19 05:49:03","Country kitchen tell while long reduce sense president decade along","2"
"19","161","1978-09-25 05:33:18","Check lot goal within measure car strategy with a social time red","5"
"42","149","1999-06-18 15:45:04","Ask politics assume check prepare race allow oil there piece poor despite poor","2"
"34","191","2000-10-16 09:23:44","Will ever successful property green miss once form marriage","1"
"34","10","2016-02-29 17:38:17","Respond may note leader nature candidate month technology tree","2"
"7","88","2000-07-29 08:12:00","Attorney buy carry as player pass TV analysis response can later","2"
"40","171","2018-04-30 08:41:32","Author modern road sit able establish wish record two few three training her","4"
"5","150","1973-05-18 05:25:51","End reflect rock account throughout drive pull lawyer produce draw happy wide town","2"
"46","131","1975-07-27 19:58:13","And decision cultural inside any real","3"
"9","26","1994-10-17 19:54:44","Picture war side foreign rock generation wish away national present raise early itself","1"
"18","1","2000-02-09 08:17:21","Would toward on adult within upon position","2"
"20","10","1995-04-09 14:21:38","Must degree make win certainly fear newspaper","5"
"43","54","1977-07-11 00:15:33","Action lawyer she enough back expect by treat activity back","2"
"0","152","2015-10-25 05:49:41","Leader natural property suggest conference notice resource she wish head","1"
"22","38","2004-07-27 06:18:31","Cost quality sound sure force once team other physical","2"
"16","96","1989-05-27 16:14:16","Law whatever Republican industry toward seek how dark begin movie computer rather hope","3"
"15","64","2002-04-25 10:35:58","Administration from adult nearly improve news administration model","2"
"13","161","1974-03-17 14:07:16","Speak listen expect anything view both occur soon whatever always but money","4"
"49","62","1972-09-14 10:51:39","Reveal give every letter total early threat mother trouble region","4"
"10","25","1975-12-07 21:37:35","Apply whole rate perhaps fight onto","2"
"44","127","1981-12-03 22:08:07","At program whole family stop defense business include structure rate reduce","1"
"49","185","1982-04-17 06:17:45","Exactly former hour recognize focus or gas recognize sense rise strategy little","3"
"6","159","1980-07-07 07:33:32","Difference support million treatment small about city middle anyone much himself","5"
"34","154","1990-09-12 09:07:26","Value same foot list visit now book maybe guess trade necessary cost","1"
"24","35","1980-07-24 11:31:26","State list author crime win part little tough move so compare","4"
"29","185","2020-03-23 23:04:18","Above traditional no staff know news rock everyone become page","1"
"41","154","1988-11-11 08:32:54","System hospital control law try drop story herself country class","3"
"40","33","2001-03-07 19:45:39","Political system group movement couple low answer there as","2"
"44","8","1982-04-05 05:13:38","Natural month account control third really detail entire fish capital quite","2"
"6","146","1970-08-31 05:54:21","Everyone during quite theory quite shoulder explain enjoy","2"
"2","129","2004-07-16 20:44:47","Better toward think whose whether she gas mean will also sign outside","2"
"19","33","2003-12-03 06:27:21","Add southern discuss structure degree care night","1"
"6","38","2011-10-17 17:01:29","Among southern stay never high wear window since successful perhaps less who brother","1"
"1","199","2009-02-24 06:05:04","Large that they work at whole","1"
"27","98","2014-12-20 16:03:16","Like technology official fact area quickly expect offer ok five","3"
"28","25","1998-04-23 03:29:18","Bad who event method health add run situation know","2"
"23","54","2017-04-01 13:15:05","Against author size argue heavy simple assume strategy fund","5"
"0","149","1973-06-05 08:57:21","Staff great physical activity so account though trade research stand attack","1"
"40","113","1982-08-15 03:49:56","Thousand suffer know court recent long on win end instead oil low nation","3"
"49","108","2007-04-02 17:19:14","Guess politics modern keep move raise","2"
"39","78","2004-04-21 12:44:46","Dinner morning mind nothing peace finish science","2"
"31","23","2005-03-07 14:03:59","Decade coach bring nor American away north building front","2"
"36","84","1973-08-29 14:35:21","Treatment go able trouble TV all","2"
"15","165","1971-12-05 04:48:16","Both another game figure bed concern pretty during","3"
"20","177","1989-05-11 07:58:25","Per heavy something offer space once natural strategy","1"
"30","64","1986-08-03 03:13:18","Happy detail drive ago concern pattern certainly concern third civil thousand moment government","5"
"41","20","1994-09-24 13:38:31","None speech minute decision front court wall instead rich account want indeed article","2"
"40","8","1986-09-12 09:08:54","Common training moment hear nation car treatment traditional action seem fly","3"
"47","5","2004-02-14 06:22:09","About sense day after control fight civil control outside writer human upon","2"
"21","95","2007-12-19 11:43:38","First writer right drug his while remain health","1"
"46","138","2005-12-06 20:04:08","Writer test war suffer far no much find site","3"
"13","63","1971-09-10 22:17:58","Sport reflect go someone church mouth medical rich former term couple answer","4"
"24","138","1997-04-07 15:43:12","Big contain effect close opportunity her someone","2"
"7","10","1994-12-18 23:52:31","Sound according add deal test peace pay somebody western world decade spring","5"
"20","11","2008-01-30 11:04:36","Task always seat life rich take offer game","5"
"18","11","2019-01-10 13:23:13","Try service establish gun rule we law support major reason tough score range","1"
"5","15","2009-06-22 21:44:27","Maybe pretty computer food others show draw be hundred modern itself expect activity","1"
"2","15","2016-11-12 18:33:46","Dream billion sometimes section name little home certain fear be base but contain","1"
"35","89","2008-03-31 21:24:09","Generation yet meeting do most son there stand garden","2"
"14","159","1970-10-16 19:30:33","Across that in produce them less strong nothing citizen place large shake hand","2"
"47","52","1993-09-22 02:21:14","Three realize here pass young class important condition defense church old","1"
"9","189","1999-09-26 10:20:47","Their buy politics management police member toward region into chance contain each land","5"
"44","49","1978-07-07 04:05:12","Operation fact follow plan least door senior responsibility culture worry myself any seven","4"
"19","49","2016-07-22 15:07:25","Exactly because pick enjoy long base start","1"
"36","70","2007-10-27 23:41:29","Apply produce next could thank statement window recent drug answer","5"
"24","126","1985-05-08 17:28:11","We total pull health if family throw staff","1"
"1","24","2018-11-18 19:00:03","Identify side more order possible none","5"
"15","31","2005-04-24 13:10:04","Decade trade development subject fight peace building hold politics billion","5"
"13","75","2012-02-20 02:50:55","Could third same example small top scientist particular","3"
"37","138","1975-01-18 15:47:52","Start difficult record share with reduce citizen no walk Congress include","4"
"45","132","2011-11-23 04:03:18","Mother work every finish such question simple management board","2"
"42","62","2012-06-22 04:30:12","Still us may also trade environment if room could","1"
"1","166","2010-10-13 08:40:02","Big reflect majority make safe real everyone worker","3"
"34","25","1974-01-14 01:16:24","Road author treatment prepare low situation skill say people","1"
"21","95","2020-02-21 21:40:32","Machine size dog together member color debate activity","5"
"15","13","1986-12-23 01:17:10","Simply season course room hard financial throughout street actually tough mention","2"
"43","84","2014-09-10 16:10:37","War outside not possible appear finally","2"
"46","129","1975-02-02 02:17:46","What present source station here church thing difference time check truth","3"
"47","98","1976-04-18 03:31:11","Approach American next author program again body it return order","4"
"2","191","1977-01-19 03:33:55","Join Republican performance ten animal six north past","4"
"16","38","1980-02-02 22:12:31","Evening wind animal about activity floor air home","4"
"27","78","2009-07-03 01:12:37","Region remain citizen every defense natural dark why born discussion","2"
"40","8","1977-01-26 11:49:10","Area far strategy executive ahead offer color mouth north commercial","5"
"20","75","2015-11-19 17:56:26","Talk religious response two method everything throughout according situation character","1"
"22","59","2008-05-11 22:07:53","Establish discuss community fill glass all meet activity least capital camera town","4"
"38","126","2012-11-25 08:16:39","Company can information want share debate citizen build close industry first","4"
"49","104","2002-10-01 03:38:35","Billion across know how court letter herself recently","5"
"33","11","1996-01-27 17:42:05","Offer interest why traditional near blue television them act hotel","1"
"4","92","1972-06-12 23:20:42","Several mouth camera culture remain wonder law machine establish the free physical become","2"
"24","76","2001-12-21 16:46:05","Alone bit this may ahead really serious card","3"
"3","54","1994-01-09 09:46:37","Expect Republican better number Democrat every like too might American","3"
"8","23","2016-09-07 06:54:18","General sure position tough hope themselves different","5"
"12","178","1971-08-26 03:44:44","Benefit happen difficult understand next cut center baby power","2"
"2","85","2018-05-28 23:35:30","Already idea world board wear east popular prove huge theory exist","5"
"38","113","2001-12-27 09:33:41","Cover factor really agency arrive size dog research provide above team several accept against","5"
"28","32","1988-07-22 16:00:30","Decade mean so spring suddenly explain town school","5"
"17","129","1983-02-02 09:36:28","Old other prepare audience test house","5"
"40","104","1979-01-22 07:05:50","Surface around apply until write perform everything accept yourself conference police military carry","3"
"33","57","2020-10-24 02:37:58","Voice so look nation lead long enough give else ground","4"
"19","111","1988-11-22 12:49:20","Look challenge effect outside consumer allow it every game","1"
"4","69","2003-07-10 21:44:27","Feel law my culture side time until me decision forget design physical","1"
"6","120","2019-01-08 23:06:27","Letter possible your western want recent","2"
"15","178","1986-05-06 01:45:54","Every law factor seat hospital central land learn meet","1"
"37","199","1973-07-14 19:31:19","Group simply money guess move process truth campaign newspaper personal really mean either","2"
"14","161","2020-04-10 01:10:52","Talk throughout long national for name reduce ability cultural","5"
"7","176","1971-02-10 01:52:46","State record old special walk near woman we win official anything chance picture","2"
"26","66","2009-10-12 20:32:24","Future plant establish happy report time according","4"
"25","53","1999-10-02 04:36:30","Be end usually voice far create Mr difference director good stock another arrive","5"
"26","140","2010-08-18 23:21:38","Well operation range full good after window","5"
"32","22","2004-01-30 09:00:31","Cultural but drive you most use individual","2"
"38","66","1989-03-09 05:26:06","Often natural building television go civil serve suffer despite","4"
"4","127","1993-04-17 02:26:44","How pressure various personal these against much middle that land","5"
"30","126","1995-03-23 00:32:44","Carry identify medical themselves school explain","1"
"11","171","1981-02-01 01:49:35","Concern form lawyer memory she become brother black relationship identify","1"
"6","25","2004-05-16 05:12:57","Decade parent guy follow society father everyone now hard","5"
"40","166","2016-06-07 22:12:35","Treatment long voice really push policy","3"
"35","177","2020-02-07 05:31:17","Fish station stock will place my when thousand citizen","4"
"31","22","1977-10-14 02:49:50","Expert open expect memory admit course citizen standard staff","3"
"49","16","1987-07-25 18:15:44","Friend nice easy still pull continue force close economic bar travel its","2"
"3","150","2021-06-12 03:13:45","Where rather difficult cost sometimes side network call describe left deep","4"
"46","64","2015-12-26 12:54:54","Them who catch no thought evening side fly","3"
"43","53","2017-10-21 16:30:39","Artist business bed third our organization subject","3"
"21","161","2017-05-31 01:16:49","Stay bad hard perhaps lay skin debate across my","5"
"1","166","2009-05-27 19:38:32","Maybe computer challenge kid nature wrong person wife","2"
"23","10","1993-08-21 08:55:08","Short much condition Democrat friend statement since as painting on worry section","5"
"21","149","2016-06-26 19:52:36","Wait ahead appear area thought necessary","2"
"20","43","1973-10-21 16:50:57","Information daughter nearly federal sister of music music light determine anyone","4"
"7","135","1970-09-23 14:52:44","Course why civil me protect democratic","2"
"10","165","1983-09-07 04:00:17","Like such wall lose country human window would bed","5"
"16","10","1971-03-20 02:23:55","Cold measure three garden manager fly line add catch television wall","3"
"9","133","1984-07-29 05:22:57","Author through above hit six know research stay pretty teach race computer","3"
"7","33","1988-09-15 13:23:46","Usually yes work place lose space","5"
"35","180","1990-06-13 09:55:29","Worry yet site writer my hundred sea always important room money","1"
"33","110","2021-02-06 22:52:26","But dinner gun outside sign others believe above represent claim","4"
"13","113","2010-05-05 21:33:34","Station smile rate top us student financial detail","4"
"47","192","1987-03-26 21:00:34","Campaign case company away life explain find","5"
"36","75","1983-10-19 02:44:47","Better start year down order assume","1"
"21","23","2002-06-06 02:06:35","Say him would class side house sea administration design necessary allow floor","2"
"7","35","2021-04-29 06:33:38","Line create election school base answer media him","5"
"45","24","1978-06-07 11:36:33","Movement hotel central between do program name","3"
"24","155","2006-06-19 06:58:36","Admit stay continue anyone key majority share change hair side","3"
"45","60","1977-09-10 05:49:31","Their federal message stand tree magazine draw peace","2"
"26","43","2010-05-31 05:31:48","Give continue plan old arrive whose give consumer instead trade window adult treat dog","3"
"44","52","1971-03-03 07:01:22","Media loss far allow yard animal court reality establish front themselves","1"
"12","147","1970-05-07 15:01:04","Cut off government its politics day ball control pretty require","2"
"34","43","1998-06-16 02:57:00","Base song marriage light its already less drop","2"
"32","102","1999-12-30 09:35:29","Identify reality occur media determine mean relate free add","2"
"14","137","1988-05-02 19:45:13","Sell throw throw stage bank wear no event long that section north","4"
"27","36","1974-01-28 16:08:51","Oil interview decade face term and future capital","3"
"10","42","1988-06-23 14:07:40","Lead forward imagine in condition health series audience group","2"
"42","108","2006-07-08 00:28:09","Attack section on reason possible natural every bag hard stay almost","2"
"31","171","1980-04-19 22:55:31","Trial PM large leave bag difference key eye now real science sign","5"
"29","15","2012-07-22 19:56:51","Inside reflect create board sure against give try number close land this laugh","5"
"22","85","1992-02-25 20:35:16","Realize everything fast office forget off several","4"
"32","165","1993-07-30 13:28:00","Task tell store table ball there read fish","2"
"9","95","2004-03-07 00:58:06","Begin establish year beat view kind prepare culture together determine natural wear","3"
"29","38","2002-08-27 06:54:58","Issue finish report source us concern carry","3"
"11","16","2006-11-02 21:24:37","Assume improve organization wall behavior area side perhaps simply","3"
"29","68","1983-03-02 00:34:12","Rise head interest project trip clearly production rich let travel last sense type","4"
"8","166","1981-05-26 05:14:40","Institution project sometimes all couple actually role top body wall","2"
"35","102","1984-03-03 13:33:45","Pattern phone time despite behind size success return along","1"
"23","37","1987-05-04 16:04:47","Out nature board seat well property push sell beyond","1"
"20","72","2001-07-30 12:03:43","Eye stand purpose successful partner treatment medical detail behind major sister","3"
"30","152","2002-08-11 10:34:31","Very campaign something that over rise suggest now clear wife yard","2"
"3","36","2009-12-31 07:57:13","Direction sure certainly four several new course guess your","3"
"6","13","2010-01-29 01:10:53","Peace building concern foot back about painting light","5"
"47","51","1999-09-19 03:08:13","Maintain group forget real military build grow relate","2"
"7","43","1971-02-05 02:25:43","Nation set pull name reveal usually","4"
"48","150","1974-10-25 10:32:39","Include hear thank least story expect couple","4"
"28","120","2020-08-25 01:07:01","All no part fight record officer","5"
"4","150","1996-04-18 02:59:57","Fill against result tax sort end score","3"
"43","138","2006-01-03 12:40:46","Protect fund rest relate actually treat goal affect","4"
"20","132","1987-07-29 02:28:54","Edge tell address far trouble magazine push painting whole road point","3"
"30","1","2010-12-17 00:43:45","Few service structure sell sense well practice","4"
"23","78","2005-02-04 04:49:07","Exactly case certainly big concern college only adult wife enough physical vote method","5"
"41","149","1981-08-18 20:32:05","Class sort seat do top piece line space","2"
"41","35","1987-05-25 09:03:05","Should rise edge particularly safe guess hard base whose middle all own type","4"
"35","10","1974-01-29 00:37:58","People member up decision direction action goal see trouble state when","5"
"23","38","2008-07-16 00:31:18","Day particular activity move scene information","1"
"28","24","1993-02-23 10:07:44","Officer response lay response within lawyer notice type Mrs culture more suddenly","2"
"6","133","1976-11-15 21:17:13","Mother lot range prevent summer near project trouble tend this event thought","4"
"46","115","1985-03-18 16:59:15","Field make century game another thing program everyone large close far college","2"
"36","192","1990-02-06 04:06:19","Practice law wish together ago accept compare first official decade business among","2"
"3","31","1978-02-13 02:10:03","North can yeah project office security significant firm","2"
"17","126","1985-07-08 02:50:53","Police something score official create chance police body may","3"
"18","124","2013-03-11 12:50:42","Second top raise cover box sometimes degree consider thus partner","5"
"21","146","1985-11-24 10:54:31","Budget game least pass player project line create want benefit sign ask never","4"
"9","94","1977-10-28 19:12:03","Eat where pressure process deal without party","1"
"15","36","2013-10-02 07:32:13","Girl quite break they thing run foreign","3"
"37","59","2004-10-20 13:42:04","Know executive address tax many act list sell music","4"
"46","78","1999-05-20 01:47:35","Budget us family how wish old","1"
"25","118","1982-05-11 16:58:53","East then yet fear event thus worry","4"
"9","120","1994-04-26 16:32:44","Will share fish meeting item during policy agency however around want station","3"
"48","135","2002-10-26 22:47:33","Western prove recently stuff participant total stuff determine million already billion","4"
"24","22","2001-01-17 02:37:08","Appear offer important national stand brother step provide look","2"
"20","165","1999-10-12 21:44:46","Have professional yes just positive within tough step color follow off fine interesting","2"
"26","8","1980-08-22 01:36:00","Simple soldier difficult technology member adult magazine page customer know","4"
"18","150","2020-08-02 14:56:28","Office wide read window scene the care according second order close structure","5"
"20","129","1981-08-15 21:45:37","Establish order may drug change over surface","4"
"37","63","1979-08-03 20:57:53","Theory important mean almost because job power from not beyond","4"
"33","85","1980-07-03 02:33:11","Treat especially night past picture community event firm against","4"
"39","180","1974-03-02 06:33:55","Standard despite raise officer kitchen television","2"
"34","114","1972-06-24 07:24:13","These growth never machine child quite general animal","1"
"28","59","1987-09-10 21:56:24","Institution end fact ready coach this forget watch skin these these laugh each","4"
"30","51","1983-08-24 08:08:56","Expert federal positive trial policy trip place tough new beautiful year","4"
"10","155","2015-02-01 01:52:21","Debate police agency hope common thought half meeting visit service course Mr","4"
"14","133","1985-04-07 17:44:58","Trip recognize add ok prove so able here goal","3"
"3","29","2009-05-26 09:18:47","Happy else at woman politics education federal after skin her church thousand dark","1"
"42","176","1982-08-12 02:22:00","And either trial gun behind window","2"
"23","22","1984-04-01 18:51:34","Management trial base audience throughout win","2"
"23","35","1994-06-12 05:54:58","Detail successful understand recent year seek argue painting bed much seem tonight need","2"
"37","189","1976-11-01 02:21:11","Indeed street number pull mother carry painting nature world mention","5"
"19","50","2013-04-26 06:18:45","Church care easy view how response city future several former face office","4"
"41","24","1990-03-01 19:56:56","War open material often just down","5"
"8","98","1983-08-21 16:49:07","Each power staff training left after bit toward adult also get inside","5"
"37","44","1994-09-19 07:13:43","Office prevent crime agency close compare eight lose describe seek us strong over","3"
"0","20","1979-10-24 01:44:46","Red collection program share agree memory voice off I time five military","1"
"17","13","2012-01-24 22:37:17","A notice activity main add share","5"
"44","8","1971-08-08 02:57:48","Say talk west central might each beautiful","5"
"17","149","1985-06-18 22:58:03","Statement audience student exist head someone if throw indicate professor example idea fast","5"
"42","104","1980-10-09 09:31:08","Seat collection face stuff can stage weight listen assume with","4"
"5","104","2004-05-22 22:07:22","Computer modern increase me item many ready according be decision film anything cost","2"
"20","29","1991-08-27 01:01:56","Significant choose serious experience country mission argue name","3"
"43","113","2006-09-15 12:10:39","Nature scene interview table but kind stand fund too","2"
"25","25","1989-09-17 14:37:15","Capital bad institution tonight act base suddenly support but share policy happy PM","3"
"42","51","1992-01-18 02:28:11","Skin building front including analysis phone site in personal","2"
"48","186","1987-03-27 02:21:53","View must side grow try history south all usually growth step","4"
"45","104","2016-06-19 18:01:48","Put total inside under mention them me couple","2"
"36","120","2005-04-01 19:10:39","People box both fast responsibility home ability","2"
"30","110","1996-04-11 09:53:41","Already develop coach risk morning concern next game add visit upon value recent","3"
"10","33","2016-07-25 22:55:03","Ask friend run meet where factor","5"
"24","37","2005-02-26 02:33:10","Growth return middle plant language throw available fast machine around","4"
"11","108","2005-09-07 10:52:30","Agent nice physical old business no worker amount","1"
"14","84","2001-01-14 22:10:52","Listen statement raise bed class own boy interest attention whole writer because","5"
"43","97","1983-08-07 18:14:36","Local side necessary way scene on new write most left","4"
"19","189","2012-03-14 01:24:17","Eye people social receive travel friend theory in","1"
"30","149","1977-03-30 00:57:03","Manage use pressure once father play mind not talk drug individual leg under","3"
"35","155","2017-10-14 21:00:09","Human general low ever federal with notice boy","3"
"31","57","2019-12-31 04:21:56","Win kid couple most special trip","1"
"13","96","1997-10-09 12:21:25","Watch room every film exactly side","5"
"9","23","1990-03-25 22:55:28","Tonight great who crime suddenly fill","5"
"9","75","1998-04-17 12:53:24","Finish family family discover even red agency force learn likely audience body","4"
"3","42","1977-03-07 18:31:19","Often animal wife maybe of apply understand available","4"
"14","161","1994-03-05 00:59:12","Step idea public car with particular base investment throughout discussion face color do","3"
"45","184","1989-01-26 00:50:50","Tell tax scientist task onto least play some eat yard too","3"
"8","44","2005-03-20 11:57:53","Paper remember almost remain agree culture child ability high girl age","1"
"11","137","1972-11-18 06:04:22","Amount quite if bill base store cold affect","2"
"17","131","1992-08-22 15:23:17","Of safe fight camera role yet eat any region happy trial","2"
"40","31","2019-05-12 02:17:32","Follow speak serious finally gun peace though people democratic month nation evidence","5"
"9","24","1986-04-20 20:42:25","Experience theory officer rather too reason staff listen recent of","3"
"8","166","1988-08-04 19:49:15","Fly site decade affect feeling model others technology successful move","2"
"27","68","1997-04-13 00:30:26","Station field organization during sea human cost space","4"
"26","70","1994-09-22 14:20:16","Particularly people yet resource recent side watch","3"
"20","33","1976-12-22 10:05:58","Us know left think effect issue father day sport station south bit possible","2"
"39","75","1997-08-21 21:08:42","Community loss Democrat heart development example question drop me career thousand plan","1"
"47","44","2008-01-13 20:15:56","In his tax hot media major page its service","4"
"21","199","1996-12-30 22:03:58","Material because really reality person get win knowledge nice over","5"
"12","23","1994-04-14 20:51:23","Item offer visit society matter environment apply","2"
"32","43","2007-02-05 10:59:27","Open usually interesting discussion oil air","2"
"25","26","2001-06-25 01:42:33","Store store quite who general throughout suggest this","3"
"44","43","1988-01-28 11:15:37","Firm music money produce daughter center","4"
