"22","24","2003-12-30 14:47:53","Exactly guy instead million within need season company approach","2"
"8","41","1998-09-28 23:12:48","School friend environment new cultural try computer idea series back floor","4"
"11","20","1994-08-02 21:17:24","Soon among teacher view thought both north fly rich could various many sport","1"
"36","4","1977-02-04 17:14:56","Way pay air bag I modern together big want free choose money party","5"
"39","10","2015-11-21 13:35:49","Respond when enough indicate car floor development factor bill outside from meeting","2"
"18","43","2015-06-29 16:39:47","Wife item hear allow local price teacher total improve security drop","3"
"15","30","1992-01-04 11:54:39","Election feeling continue image fact card important anyone throw positive","2"
"9","39","1980-02-07 03:00:53","Skin truth about support artist pattern officer idea","3"
"17","7","2020-03-20 04:43:38","Each report run deep same whether full but create soon president ask","5"
"10","9","1991-07-01 00:19:20","Term move someone would grow program five receive","2"
"45","21","2016-08-08 07:23:39","Discover protect American piece up news have able protect how best","1"
"3","29","1988-07-16 04:58:12","Several night try on commercial out place style room produce","5"
"27","22","2016-03-14 01:05:47","Model let focus huge exist always special agency party","1"
"22","21","1976-09-21 14:03:50","Rule knowledge teacher four police current effort near while","1"
"4","40","2000-06-11 23:46:39","Not west within ground environmental turn than speech future","1"
"15","12","2018-07-30 11:21:18","Usually result accept nor admit until enjoy process light here","3"
"24","36","1985-08-06 11:13:05","Site bank arrive worry service old director such sing common available","5"
"7","18","1974-07-08 20:00:21","Pass indicate amount affect record middle nor door smile usually listen","5"
"44","6","1987-01-12 08:11:25","Wait even else into chair affect behind stand rock","2"
"26","43","1972-02-11 16:32:10","Cut white oil about mention discover whose election sign quite player","1"
"39","5","2017-03-13 20:34:40","Decide picture structure as officer machine pay rise season federal worry","2"
"14","7","2019-08-09 00:01:36","Wind small beat store couple exactly both similar allow rate including always far","1"
"4","17","2014-06-29 02:53:59","Level drug bad industry ten team grow piece identify at do manager attention","1"
"5","37","1994-07-21 04:42:20","Watch different bar successful significant until away tend vote theory","4"
"17","21","2005-04-29 01:14:17","Individual wall bed network left could father player year","4"
"39","41","1972-05-10 06:33:10","Keep team skin style force trade effect course begin apply specific","4"
"17","36","1986-01-16 15:32:08","Decide daughter purpose light parent treat rather yard about could which","1"
"17","36","1979-04-20 13:30:38","Mind card number outside ready collection majority successful support","5"
"39","23","1989-08-07 18:40:29","Town relate most buy friend anyone performance up evidence","5"
"0","39","1988-11-26 03:18:07","Against certainly another buy draw purpose whole use right church executive","5"
"37","19","2007-10-29 19:14:11","Talk compare woman your cell participant fight man pay building identify","2"
"9","5","2005-10-05 08:21:05","Skin particularly development red nature my who from no","1"
"21","30","2012-04-15 17:54:45","Charge water just seem how people","1"
"39","22","2013-08-15 15:21:24","Find them civil example third speech walk least","2"
"21","47","1987-01-23 16:20:08","Tree himself central modern PM dark Mrs","3"
"32","11","2005-10-26 06:39:39","Specific station past serious cause water","5"
"14","19","1984-08-15 08:21:36","Discuss full table western the few college","4"
"8","49","1975-02-18 14:02:29","Tonight early cold affect risk expert north","1"
"5","31","2019-12-20 13:54:59","Growth current camera final degree yet close about","3"
"35","40","1990-11-05 13:42:44","Agent raise than door middle yard reality provide","5"
"49","31","2010-03-09 11:48:01","Myself at debate war card low strong smile end","2"
"3","35","1979-10-15 22:09:01","West voice degree trial follow space","2"
"11","48","1982-10-28 05:40:03","Difficult huge realize year recognize half model hour hear agreement practice rock","2"
"9","33","1978-08-25 14:46:00","New fish production exist read clearly write","4"
"2","17","2018-04-01 22:39:38","Impact miss into radio figure indeed thus dark institution discover","5"
"39","40","1975-09-25 21:26:19","Alone her down good dream ability","4"
"24","42","1996-03-09 05:45:08","Us would take inside research her attack yet key","2"
"39","12","2002-04-07 19:48:32","Size resource record build account budget same lawyer health chair morning hold listen his","5"
"33","13","1971-08-03 06:37:59","Also start marriage walk relate opportunity against dog start vote simply","5"
"45","23","2007-02-06 23:38:59","Street record but instead back wait plant them wish learn edge body nature","5"
"32","49","1976-10-20 05:15:43","Former ground center notice trial task","2"
"30","18","1993-02-17 12:38:31","Wait cut condition away make deep father suddenly try new","1"
"30","36","1982-03-16 00:27:54","Hit unit skill far show everybody","4"
"9","0","1998-11-16 22:24:50","Fine for mention design may understand site and degree","1"
"22","24","1980-02-20 03:36:40","Those whether after reason sea thank president play hard could hope be investment","4"
"38","7","2007-06-14 10:05:00","Recent chair it head popular great stay population","4"
"11","14","1970-12-21 18:12:26","Exactly show drop we she page reach central","5"
"33","43","2005-09-10 18:43:10","Despite seat draw day protect war","3"
"2","30","2013-06-22 06:33:47","Much job threat oil soldier as police total sound","3"
"48","2","1993-08-02 20:10:33","Seven group think head son service attention fight","2"
"48","30","2012-05-25 04:21:36","Upon suddenly travel while much others north home describe paper eight","2"
"10","1","2007-03-22 19:00:50","Security the wide senior actually director large","1"
"46","23","1983-02-04 21:14:00","Card prepare image yourself leader fund professor population major human physical candidate stage practice","2"
"40","3","1981-02-04 14:25:08","Stop market natural win laugh ever fill bit local through stuff","5"
"41","9","1996-12-28 08:00:05","Attention expect similar must glass response Congress thank peace attack every can","2"
"26","30","1987-05-04 20:13:00","Find cultural with turn blood though rich manage","1"
"6","8","1989-02-08 01:40:34","Safe color choice summer action agreement admit long maybe number think goal","2"
"6","39","2018-05-11 12:44:23","Wall fire while station example live though network","5"
"22","43","1999-05-22 10:37:06","Capital responsibility soon organization car throughout hand wish wife growth ready these","5"
"11","36","2003-04-09 02:03:00","Brother learn film particularly cover second","3"
"45","8","2001-10-10 22:48:04","Season woman management shake various good identify","2"
"37","33","1982-03-24 22:34:20","Road camera it research part eight dinner do type suffer herself wall technology","3"
"40","46","1991-10-08 16:16:50","Minute media rule it discuss return heavy but","2"
"28","1","2001-04-19 07:55:57","Performance provide woman over behavior even","2"
"34","19","1976-05-26 05:00:26","Nearly anything capital very offer speak her human weight significant feeling deep","3"
"8","24","2017-10-14 17:26:54","Article rich often establish since live claim option development","5"
"30","40","1987-03-02 00:09:50","Pass dinner discover produce leader war expect game stage stock member list buy","5"
"39","46","2014-12-29 05:35:33","Chair speech interesting skin join party experience","1"
"45","21","1975-05-28 20:00:41","Mouth capital surface quite seat lot behavior movement woman big network little along","4"
"5","18","1985-06-27 11:59:54","Learn hard media break method training finally garden fast happy when","2"
"48","24","2007-10-02 19:42:10","Several magazine sign act outside tough evidence management short medical past water structure","3"
"2","41","2020-05-04 20:13:47","Investment contain role until truth especially event","5"
"0","3","1971-07-28 02:57:31","Without relationship consider ground food value reveal me free","2"
"38","39","1990-09-27 05:22:42","Peace wait according candidate total grow scene","4"
"10","41","1988-06-05 22:30:19","Trouble consider somebody hundred doctor fly","5"
"48","13","1972-06-13 22:40:40","After beyond hour phone many manage","1"
"43","46","2000-09-20 16:59:57","Interest Democrat step home hotel put everyone effort behavior method establish","2"
"13","37","1988-04-04 04:18:18","Interesting once surface public far meeting many rich perform north shoulder","1"
"1","48","2003-02-27 06:31:31","Chance subject majority year either career where","5"
"44","36","1991-12-28 04:05:34","Education woman never body project right method house many center","4"
"14","41","2020-11-21 06:44:02","Experience agency pretty measure goal push","2"
"4","33","2007-09-24 18:59:47","Hope gas after son include for policy town guy them different","2"
"48","13","2001-08-27 15:41:36","Baby box red describe between loss goal sea seem Republican while development home","1"
"13","24","1988-03-05 04:44:31","Perform idea your shake environment stand what show Democrat Republican inside continue break where","5"
"2","23","1976-04-18 22:24:31","Tough dark wear hospital whose past we line recent serve better trade","1"
"10","43","2014-08-09 11:19:15","Away across music police news information","3"
"2","7","2001-03-14 02:29:07","Address edge lead pretty protect star field everything very management add","4"
"42","13","1980-06-13 08:05:12","Red international school answer growth who performance finish education investment","3"
"17","30","2009-06-28 12:44:40","Painting school would put agree international use","1"
"24","35","1993-07-02 18:23:08","Door center quite there central well take too","4"
"48","13","2018-03-14 16:11:44","Increase test sport reality box scene laugh","3"
"10","6","1990-01-20 17:01:17","City early manage heart place company ahead bank save vote church","5"
"9","6","1996-05-21 00:54:25","Very forward range bring idea sign including","4"
"42","9","1983-06-18 12:33:12","Lawyer daughter store study light try win turn with above","3"
"25","25","1985-12-23 13:47:19","Every machine contain nice scientist green son hear expert decision lawyer","5"
"0","2","1976-05-25 16:34:22","Building four remain first five shoulder mouth operation us two hair","2"
"48","42","1982-02-22 01:36:50","According product town something space store party","2"
"8","30","1975-07-31 09:14:32","Stock bank agree be above imagine when","5"
"45","48","1997-03-05 21:46:22","Mean another tree price option these attention defense would until exist","5"
"13","9","1996-03-17 15:04:31","Same pattern professor common Democrat final keep environment front tree point","4"
"48","48","2017-02-28 17:26:05","People deal fund that admit wind sport draw suffer behind","4"
"28","4","1998-12-16 21:24:15","Sort improve health way central draw performance moment glass create once side","1"
"28","11","2017-02-13 07:18:03","Black thought budget term positive option serious minute president whether perform list","4"
"31","29","2006-03-09 05:24:04","Draw spring case TV game other join","2"
"22","19","1979-10-21 16:45:29","Ten serious value three us game","4"
"43","16","1978-05-27 08:44:20","Good thing mother red outside skin sister what wait prepare third","4"
"38","27","2012-04-10 18:53:38","Daughter organization star beyond ahead company discussion like instead rate mean stay","1"
"49","3","2009-09-30 02:05:41","Will couple walk sort official whom ago all","1"
"2","15","1992-12-16 06:44:39","Free anyone president explain town during owner","5"
"13","3","2002-08-05 04:33:00","Vote tell edge base professor develop candidate respond behavior available","3"
"16","25","2004-02-28 18:59:24","Consider husband let huge direction whole family whatever who Republican statement worry","5"
"10","32","1997-02-07 12:44:59","Easy personal certain son actually future skin because sometimes along","3"
"0","27","2014-06-08 05:54:30","Never red something able night foreign rock education you necessary","2"
"30","46","1983-09-29 12:37:04","Impact someone mother matter billion popular including power thought could player","2"
"18","16","2016-10-02 20:57:43","Election nearly month happen feeling compare blood none raise bring its enter interview","4"
"26","20","1971-08-10 09:25:26","Make than stage eye owner study push strategy law color","1"
"23","47","1980-06-15 08:22:13","Sing body popular project factor study audience style these recently","1"
"47","27","2010-02-26 10:14:50","Cost worry explain sister soldier majority treatment American fill design along must","2"
"22","17","2016-02-29 15:47:30","Either social person would rule pay TV hear myself that next range level","1"
"44","17","2005-11-27 06:07:09","Those collection answer like woman help reflect health","4"
"36","6","1995-07-05 21:04:35","Hair model arrive hospital of community so","3"
"37","12","2005-06-07 20:36:02","Seek make require early central appear green power Congress should","3"
"6","19","1997-12-24 14:48:59","Politics allow office culture same mind leave","4"
"22","36","2020-10-24 04:28:55","Quality military nearly exactly contain market","2"
"19","36","2013-07-01 13:29:10","Put decade us fear drive low","4"
"9","46","2015-03-06 03:03:38","Debate they skill unit thousand manage","5"
"21","37","2019-03-27 10:36:47","Factor let west report account wide ever resource he","5"
"39","36","2015-09-06 02:01:29","Garden minute measure him join either worry","3"
"9","37","1976-03-22 21:36:44","Head focus fall respond dark lawyer","1"
"11","1","1993-01-12 21:19:32","Article leave with whole your close own range need back","5"
"30","6","2016-05-02 02:32:06","Million then send woman medical read","1"
"33","22","1994-07-31 06:31:28","Bit account across treatment use PM seat moment management research head age somebody","3"
"38","26","2019-10-23 17:00:55","Affect toward measure rate to movement attack edge help response choice","2"
"40","36","1984-09-13 00:16:44","Money compare some happen play mention focus expect record","4"
"39","33","1987-05-02 17:03:19","Treatment win senior modern fear enjoy whom","2"
"44","22","1992-06-26 00:04:05","Common sell building century determine draw board I gun hour push onto ready","5"
"46","26","1973-02-22 05:23:57","Role country appear eye scientist toward lawyer administration available wait summer moment current","4"
"16","36","2019-05-29 01:32:18","Something activity night executive one maintain amount young significant quite","4"
"37","20","1981-12-07 00:48:46","Wide appear area political forward nearly","3"
"47","25","1981-04-08 10:42:40","Per visit from industry west town born society small","3"
"9","45","2010-11-28 18:11:45","Themselves teacher remain food record sometimes or wear","3"
"27","24","2003-06-12 05:07:48","All memory task head little option style approach","5"
"33","12","2018-10-03 09:27:17","Factor chair hour role represent particularly","2"
"15","46","1973-08-26 18:48:02","Enjoy family bad police or fish technology under dream nation","2"
"33","6","2015-04-29 08:05:03","Speak bill rate rise discover family","3"
"47","1","1978-03-26 13:16:13","Area worry success discuss unit owner pretty","1"
"43","48","2011-06-30 16:12:33","Onto develop sport especially summer degree score direction time those single","3"
"46","32","1976-07-08 01:29:00","Control prepare shoulder environmental often least every success time","4"
"32","30","2015-06-08 21:34:09","Spend consumer wind trial act how","1"
"0","5","2010-10-29 12:43:04","That position stop order argue military rather successful contain professional","1"
"28","26","1988-11-15 18:30:24","Nothing size significant candidate sell claim","1"
"34","49","1997-12-06 13:35:15","His everything bill charge station nation mention civil technology","5"
"41","18","1983-06-01 21:11:31","Happy spring seek second still peace hotel argue up two lead half cut not","3"
"33","39","2015-07-26 19:46:24","Fund no half bit none degree firm market treatment west well","3"
"0","29","2001-12-22 02:24:54","Young raise pay case sense evidence leader","1"
"46","15","1981-09-02 08:43:55","Just serve ball area southern hair ten area voice part dream","5"
"21","17","1999-12-20 21:51:00","Hold rate role record five author anything though accept heart small early American","2"
"26","2","1988-12-02 04:15:33","Ever manager entire doctor whole possible direction media","3"
"0","40","2013-06-18 16:36:38","Democrat long change and represent loss give those","4"
"36","12","1983-08-08 18:00:34","Book firm our arrive yard these thousand","1"
"33","12","2005-06-03 18:10:11","Herself page clear popular watch reduce employee view","1"
"23","32","2011-02-22 06:06:35","Serve interest now paper situation style","3"
"15","45","1990-05-26 16:28:16","Education everybody peace common pick party think next commercial one I","4"
"11","21","2010-01-04 11:51:18","Prove argue plant face hold no","2"
"36","39","1992-08-15 12:12:00","Player music music drug sense school great from table current house hit now","1"
"42","22","1996-10-28 11:55:53","Theory suggest away relate suffer future","2"
"42","19","2005-10-15 00:25:32","Product blood federal both positive by own along enjoy situation shake color","5"
"37","0","2012-09-23 16:14:24","Yes career huge billion very customer road","1"
"21","27","1989-10-28 03:51:54","End social leg above sign according national opportunity practice call","2"
"19","13","1987-12-30 08:56:24","Fast first east talk born break cost","3"
"24","41","1971-11-26 15:55:09","Prove challenge apply single administration soldier","3"
"19","1","1993-09-17 05:32:42","Yard available itself by husband size again ball","1"
"7","43","1994-02-03 06:06:52","Third usually realize else suggest hundred knowledge lay trouble involve","1"
"28","22","1973-09-19 13:02:31","Lawyer black various thank look police newspaper exist next","5"
"24","18","1996-05-06 23:47:01","Wife leave rest visit year doctor like short international really foreign task relate","2"
"41","41","1985-02-09 05:27:45","Resource security claim education actually possible middle great artist","3"
"31","18","2005-08-10 18:31:10","Change traditional since benefit near project serve","2"
"43","39","1994-08-18 20:02:49","Often by every people now reduce get rate suffer result","3"
"17","32","1980-05-24 05:59:55","Different wind chair outside use during manage","1"
"6","23","2014-11-13 21:28:04","In attorney raise past upon owner training possible election bad care approach","5"
"34","33","2020-04-27 04:40:10","Make too black energy actually son listen federal thing teach player two inside","5"
"30","26","2009-06-04 14:30:30","Mr behind to memory from region meeting lawyer","1"
"36","43","1981-10-02 01:39:46","Than hair many dark western appear return trial space near carry list","4"
"14","32","2001-12-25 16:37:42","Clear manage season American keep simply pressure way industry require","2"
"9","24","1976-07-06 13:10:54","Democratic police treat ahead candidate market very all sign rather community pick between","3"
"37","27","1998-05-10 21:25:30","Course sea nothing economy admit close avoid majority quality","4"
"12","41","1982-10-21 14:05:48","Reach agree simple such campaign computer president cause American unit player environmental possible","4"
"1","24","1991-05-09 21:17:11","Put forget respond seem identify old author","3"
"5","21","1992-04-10 11:11:03","Fish education head begin indicate sure page modern marriage","5"
"43","19","1982-07-02 22:22:17","Eat interesting collection later recognize could food soldier contain art wide maybe minute","3"
"44","44","1984-03-20 02:08:38","Join produce magazine end red put dinner notice must medical history pick edge","1"
"12","33","1994-01-14 21:02:00","Clear himself sense bit network trouble challenge","1"
"11","3","1999-03-02 10:29:28","Live even animal phone shake billion finish effort","2"
"48","46","2002-08-31 23:34:02","Amount thousand car article officer clearly practice main lead prove score cell see","2"
"28","38","1974-09-26 05:04:22","Direction sport need wind child deep determine easy","1"
"46","10","2021-01-06 05:38:04","Enjoy to win move shake country nearly","4"
"19","48","2011-09-28 17:19:32","Store field meet beat painting himself shake way production check need machine now teach","5"
"7","10","1982-04-18 02:54:55","Stop significant sister whole generation movie out give effect","3"
"21","2","1982-07-02 17:58:03","Leave ahead onto strong work analysis","5"
"41","30","1981-09-22 03:17:36","Value simple maintain health difficult red else she chance maybe son above field","5"
"16","44","1987-10-16 08:19:01","Hear those president finish exactly million pattern fly understand civil","1"
"5","47","1991-01-12 05:52:31","Door election at house year avoid couple check","5"
"18","42","2010-01-13 12:18:56","Everybody several each else any structure event oil best month","3"
"38","5","1982-08-30 06:34:00","Man especially radio southern will information left born work second","1"
"16","4","1980-03-21 15:18:23","Democratic up during wall even country inside unit floor just I","4"
"49","7","1989-01-18 02:06:02","Interest would rather left small prepare see history difficult product talk very police","1"
"30","8","2012-07-09 01:45:10","Talk throughout administration ok size sort grow your writer performance wait believe never have","2"
"19","0","2014-04-24 12:05:34","Recognize city story speech protect all","1"
"49","6","2017-07-29 18:38:31","Personal establish identify cut employee recognize president claim class three weight for","1"
"28","21","1981-11-05 01:21:03","Five learn wish bag amount different many whom director soon feel","5"
"36","11","2011-09-28 07:19:00","Series western threat pretty almost try say carry","2"
"8","37","1974-01-13 18:00:38","Race grow mention growth product trial set develop half","2"
"3","23","2003-10-03 06:49:23","Conference travel cultural modern best quite heavy land sea yourself stuff suffer respond","5"
"18","30","1980-11-12 21:37:22","Expert around production by participant brother whom","1"
"21","43","2015-12-07 03:40:11","Purpose green politics country indeed pay station","1"
"3","11","2018-08-10 23:44:48","International stock face likely civil including two","2"
"26","11","1974-02-28 11:02:02","Take foot into return somebody business song growth high interview traditional","2"
"10","29","1997-04-03 11:00:00","Baby eye enjoy face conference few along","3"
"41","22","1985-12-06 17:42:50","Six two hair itself model public popular could beat democratic building lose center","2"
"20","41","1979-09-19 11:56:38","Mrs just fine hour last however practice away concern hour century summer plan","5"
"41","37","2010-01-13 04:01:56","Though production seat try among budget","3"
"5","15","2021-10-28 04:27:51","President can wall walk main themselves indeed style view town","3"
"11","8","1995-11-19 05:33:54","Available these statement inside billion available house final sell feeling hot religious main","4"
"14","46","1995-07-14 23:57:36","Nice weight style everybody time federal free program shake","4"
"22","46","2004-02-11 03:01:18","Occur street conference third important tonight event rate cold short campaign","4"
"13","41","2006-07-29 12:34:34","Other for describe world organization edge stand Democrat","2"
"43","0","1972-08-23 02:19:40","Rest everyone consumer nor international present customer go","4"
"17","32","1992-07-11 06:48:00","Difficult easy candidate take measure shake station difference end game","5"
"21","37","2011-07-28 14:35:17","Use enjoy these later moment instead new others girl series","2"
"37","38","2009-02-12 13:01:04","Few break ahead game represent money line up hope music effect","4"
"13","45","2007-02-10 22:26:55","Interest effort fact total forward money name","5"
"21","36","2001-08-10 05:17:45","Let consumer perform next listen everything attack day old end","5"
"3","47","2016-03-14 20:42:45","We situation morning specific crime contain happen most we","1"
"10","28","1971-08-31 07:05:30","Upon item address write south site dark while event land","1"
"31","0","1989-05-25 18:12:24","Center level real final area indicate test professor security name also parent lot","1"
"20","40","1974-04-28 20:41:01","Full cup note service over family behavior successful several which require drop on account","3"
"2","18","1975-07-23 05:46:28","Five before always such success include million catch use","2"
"18","47","2005-02-18 03:55:15","The system sure risk number young machine tough","1"
"36","25","1996-07-16 05:32:59","Owner house crime best cell drop why effect feeling page mind morning","5"
"1","36","1985-06-05 13:46:05","Tough doctor use purpose star its either choose protect oil world","1"
"21","38","1979-02-05 14:09:36","Attorney I across task heart if concern","2"
"11","30","2018-04-02 15:32:27","Realize enter trial draw better Republican","1"
"13","14","2021-05-21 01:46:59","Point voice to policy dark work experience","4"
"9","45","2005-03-18 01:46:07","Certainly scene reality feel gas allow water food month scene she","5"
"38","10","1970-08-15 16:37:19","Information court rather despite plant court lay food answer everyone","5"
"49","45","1978-05-24 01:00:58","Manager situation cold defense then decade time","3"
"20","19","1985-01-06 11:52:37","Report inside commercial daughter election country","1"
"22","6","1996-01-29 04:42:37","Oil detail share for next last soldier whole clearly probably relate","5"
"15","29","1992-11-11 06:40:23","Should special finish by treat name join foot and material","2"
"47","42","2010-06-28 08:34:53","Nothing middle ask TV table ago computer southern plant we","4"
"11","41","2006-01-18 23:23:44","Take parent voice writer democratic foot end respond person anything kitchen artist wear","1"
"14","14","2009-11-28 11:40:47","Leg about major similar work arrive play","2"
"6","39","2007-05-19 07:37:30","Student turn case official cultural themselves parent base simple enjoy nor girl","5"
"45","4","1980-12-11 12:56:15","Successful or draw agree pay huge different protect","3"
"5","43","2020-04-28 11:48:04","Vote range support lot know actually forward down ground protect strong several figure far","4"
"48","8","1977-06-07 14:20:56","Bed tonight compare power wrong hour","2"
"25","36","2004-03-05 22:48:21","Perhaps professional feel push entire hand during put","1"
"44","26","1995-05-17 12:48:45","Avoid area kid fund charge respond threat soldier yet decide trade","5"
"6","9","1979-05-17 08:41:23","Style close think finish media economic","3"
"14","24","2015-03-02 09:53:45","Move what alone especially right great win","2"
"30","48","2001-11-27 04:25:18","Thing clearly court their necessary position plant building seat during teach large","3"
"2","25","2017-05-02 14:56:43","Entire increase arrive character me story fund themselves factor late teacher","2"
"14","22","1995-05-07 09:54:17","Player family will against say main he save daughter table finally drop","2"
"45","49","2016-11-23 12:36:37","Property record loss step feel partner property lawyer glass speak","2"
"39","41","1975-12-18 15:18:54","Lead money pretty participant leg serve happy will kitchen expect","2"
"17","37","1973-10-19 04:18:12","Trial parent space agreement western also actually home cover campaign rate","3"
"42","49","1991-06-09 07:05:38","Prepare majority music nothing prepare paper share actually property but","2"
"30","8","2018-09-22 09:30:50","Table authority ability itself fire together good surface week throw federal computer","1"
"26","22","2021-07-04 00:00:24","Artist clearly production risk media various development understand trade yes mother world","1"
"21","18","1978-03-03 07:03:02","Share agreement degree eight phone try on almost","1"
"27","33","1973-07-31 12:56:11","Win western civil dinner brother special several tree indicate person prove yourself","3"
"40","43","1972-04-18 01:00:53","Factor light hotel foreign huge gun standard each share teacher away","3"
"27","5","2012-06-08 07:32:02","Fine wait force between laugh own","2"
"19","35","1977-02-23 09:08:04","Green visit sign dog rather will ask but much senior","2"
"18","0","1988-11-04 13:11:48","Officer fly tend morning pass collection worry book rest step society arrive","4"
"31","6","2000-10-24 18:01:36","Indeed experience number positive final against consider who up","4"
"22","36","1985-12-15 21:49:26","Employee add market policy tree sense chair walk stuff break","4"
"21","37","2013-04-18 20:01:23","Heavy industry focus let exist them whether unit","5"
"33","16","2000-02-03 04:46:36","Accept tonight away miss dream range condition notice bill red city reflect","1"
"38","39","1980-04-04 20:35:05","Woman television school per sure person radio building city new health","2"
"24","35","1989-06-28 20:02:52","Exactly establish benefit whole audience any card money local","4"
"25","37","1981-11-21 18:08:37","Enjoy must above record draw newspaper down measure power perhaps modern","1"
"17","19","2006-10-15 02:33:36","Open character parent him wrong tonight","3"
"4","0","1980-07-29 06:47:14","Religious resource night have his much reduce up","4"
"25","14","2007-09-06 23:14:26","Process time again realize drop operation you value hit space real center any","2"
"6","17","1975-06-08 15:14:33","Remember plan seven know later nearly surface ago have home view manager","3"
"17","12","1995-03-27 08:35:20","Challenge less want clear I environmental rate rule suddenly member","4"
"4","6","1993-01-13 00:47:58","Door thus develop might off issue","5"
"23","38","2002-07-09 21:10:46","Edge standard around they material computer experience practice character why per tell thus","1"
"30","40","1986-12-21 16:00:42","Resource focus parent account own two hotel since article meet","1"
"6","10","1984-02-21 21:46:21","Control difference nor now into themselves common","2"
"10","45","1970-10-26 19:22:28","Imagine important then modern raise small leader break blue","1"
"30","8","1980-12-04 04:15:37","Over lawyer really our clearly letter air police both seven pay","3"
"11","48","2020-04-14 18:58:10","Suddenly American company myself short make week send","1"
"11","43","2012-02-26 20:11:29","Step special between true owner eight than about anyone then mind","2"
"39","43","2015-02-09 02:43:46","Other everybody choice style rule action order realize dinner","1"
"6","33","1994-07-26 10:10:40","Street they American within free yourself age mind attack successful choose see","3"
"21","12","2014-03-18 11:29:19","Major whose believe main big simply west fact bit physical budget both","2"
"43","21","2003-10-23 15:52:31","Soon yard fact drop interesting certain project service stock power scientist treatment","1"
"44","10","2005-12-18 16:47:57","Star wonder down difference happy anything","3"
"37","49","2011-02-08 21:42:47","Mission protect financial race serve positive day yet control quite","3"
"34","44","2000-11-29 00:25:37","Country begin nearly few concern body","1"
"48","44","2004-09-01 22:39:19","Real ok pattern space prove improve across","1"
"35","41","2018-03-04 06:06:47","Strategy travel receive moment woman increase crime notice respond","3"
"2","44","2014-02-23 00:59:38","Plan drop own administration picture tree run authority","5"
"41","31","1992-01-16 13:43:53","Challenge career bill near stay Republican new whatever perhaps similar camera","1"
"27","25","1993-11-23 18:30:19","Travel situation catch degree employee character source particularly public apply possible she statement","2"
"9","41","2011-09-01 00:37:30","Owner officer eight become service course","3"
"26","10","2016-11-23 18:57:39","Child avoid industry they establish material car low both","5"
"6","3","2019-05-08 04:29:48","Meeting for fear best region whose green thousand political know phone political skin","2"
"14","39","1982-11-02 01:53:19","Note draw whole student resource her trade with he","2"
"8","37","1983-01-03 12:18:09","So over ball election subject central best its class growth whatever play","4"
"32","29","1988-08-07 07:33:33","Customer reveal red concern section resource property against bed protect none major film","4"
"5","40","1994-11-17 10:54:24","Those fear free avoid evidence later into quickly raise language","2"
"25","21","2000-05-12 01:57:18","Around free TV else but discussion wonder kitchen which","2"
"13","40","1984-09-30 13:19:45","Create in election know film clearly appear tend","4"
"46","47","2008-03-06 23:39:31","Eye full evidence spend check old investment whom head social region college","1"
"42","24","2021-04-09 06:49:07","Boy generation cold perhaps particularly simple well now plan building Mr bag image","5"
"6","31","1981-10-08 17:44:21","Tax half citizen middle respond newspaper company","4"
"19","43","2000-01-22 22:26:25","Various example from consumer who build subject area far on","2"
"34","12","2007-01-17 01:49:30","Hand stuff office will glass nothing model particularly experience house","2"
"11","16","1971-10-05 13:47:03","Who study positive over black word agent security range","3"
"22","10","2006-05-21 06:31:32","Take book goal goal plan share quality out also defense","5"
"36","28","2001-09-11 03:21:12","Marriage put require could television know huge mother firm","1"
"2","28","1979-02-24 15:11:29","Do total week fall trouble rich determine person miss fire describe economic medical","1"
"6","6","1982-03-03 10:48:54","Example probably human everybody I ok loss different attorney","5"
"5","38","1983-04-19 04:51:42","Rather cultural hard field these purpose thousand left","1"
"12","43","1997-07-12 11:22:06","Receive task collection personal realize industry state own report hit","4"
"7","39","2014-11-02 19:48:08","Marriage throw right perhaps half poor laugh them onto person","5"
"17","6","1973-05-06 07:46:23","Pm she father believe because specific although deep energy society election station","1"
"7","43","1980-06-07 14:58:12","Impact stock federal arrive energy green yet","2"
"1","9","1993-07-23 14:22:29","Like whose actually eye of house future with","1"
"13","3","2017-01-02 22:44:55","Case know medical commercial recently change","5"
"1","19","2018-03-21 02:52:35","But throughout war capital American of job organization operation","4"
"29","7","2003-02-22 23:43:43","View behavior issue full ability look worry month knowledge often","5"
"17","32","2001-09-03 22:47:16","Clearly despite board western across technology public college possible both between plant","4"
"2","39","1993-04-01 02:30:28","Test question style price five hold current center morning nothing","4"
"21","9","1980-07-27 06:49:31","Southern police Republican goal recent well ago similar pass ability impact","1"
"30","24","1973-07-30 01:58:46","Run place option grow girl character","5"
"37","43","1987-12-20 23:24:45","Since mean technology both floor college thought eat hundred tend fill half","2"
"15","34","2014-04-27 21:13:54","Town career meet mention apply else sea reduce discover network reason","1"
"2","13","2018-09-20 14:15:48","After degree loss choice hand final significant raise great cost","2"
"38","5","1995-07-07 14:35:59","Take billion exist card claim occur rich safe especially war perhaps","4"
"18","46","1988-06-26 00:41:27","He at cause wish clearly course power animal cut way grow","5"
"20","12","2017-12-23 18:58:01","Believe candidate surface thank beyond into","2"
"34","44","2005-12-20 18:07:28","Challenge news expect table person dinner challenge","4"
"48","2","2002-03-13 07:26:15","But low scientist whatever model goal first pattern tough","4"
"10","3","2007-04-19 23:16:36","Mouth toward realize soldier senior affect computer","4"
"27","1","1975-09-18 00:01:48","Put son agreement news provide check stock ever hospital mouth what follow toward","2"
"20","21","1977-11-18 12:05:25","Eye any lot north walk evening positive wrong risk television","1"
"39","11","1973-11-10 08:00:10","Nation future trouble dark at game reach knowledge past travel","3"
"34","39","2003-07-07 08:10:21","Fine type factor be seem eight weight mean avoid high cover ground","4"
"46","9","1987-10-25 09:04:06","As some but set paper others skin campaign line sure across","4"
"38","28","2001-02-21 05:36:18","Once next beyond glass half suffer","4"
"26","20","2013-03-26 22:26:49","Stuff kind operation if child thank ok","1"
"16","37","1984-08-20 03:26:00","Tree hit thing Republican staff father staff pressure","5"
"44","37","1986-06-07 09:38:09","That military PM prevent themselves up dog our experience consumer property buy attorney","1"
"12","15","1988-03-04 16:06:27","Really family certain remember water under too hear up image feel evening","1"
"44","27","2007-05-26 07:19:27","Table everybody class could administration page whatever wall night run ago movie","3"
"28","18","1987-09-07 14:33:14","One sometimes staff democratic study respond single organization","1"
"28","22","2012-07-16 14:21:43","Carry approach establish weight quickly model","1"
"41","14","2001-08-27 17:09:31","Avoid but to sit threat party himself movement mouth speech say age","3"
"18","36","2001-03-09 17:52:16","People very give ten whose PM very important price serious parent exactly hard","3"
"12","34","1983-03-11 18:56:06","In just light prepare direction Mr group history","2"
"2","39","2004-06-19 01:49:12","Hit mission song red election six consider myself","5"
"7","35","2009-10-28 05:37:12","Western data cover news choice nice type let care leader would language","2"
"47","45","1972-06-22 21:39:07","Tax behavior floor then very everyone soon kid door cup little less","1"
"30","13","2013-01-05 14:12:59","Discover bad although industry simply avoid fly name conference military","1"
"44","49","2002-04-24 16:00:13","Nearly answer few try left debate many sign job","5"
"31","12","1977-06-29 13:55:20","Past shake half measure go tax soon situation","3"
"49","39","1979-02-17 04:41:27","Make allow pull growth learn story worry old focus American yard west thing","1"
"7","2","1970-01-22 13:47:51","Argue commercial hot approach scene matter speech weight human water government color","4"
"48","23","1984-05-12 18:08:34","Arrive adult why dinner employee arm","4"
"27","46","1976-11-12 13:49:46","Measure exactly protect rock different free","3"
"12","25","1995-07-24 01:54:52","Opportunity black official upon offer benefit scene","1"
"11","30","2011-11-16 22:52:58","Maintain beat entire hair until he agency he full city sound yourself","4"
"27","45","1974-12-03 05:24:48","Plan purpose rate music cold learn system west recognize college huge situation","4"
"8","15","1991-06-03 21:07:58","Light wife develop team computer wonder","1"
"39","36","1986-04-21 14:52:57","Degree find simply owner raise reason hundred natural many hear room without will","5"
"29","0","2003-02-12 19:00:12","Ago like piece step beyond part response call form next fire","5"
"4","37","2003-12-08 04:22:32","Standard worry someone later American much write fire senior thought lawyer door","1"
"14","14","2002-04-13 12:43:15","Green put minute operation need free claim wait hold doctor item low","2"
"6","23","1978-08-31 11:19:38","Professor produce office office simple card","4"
"21","47","1973-03-27 21:20:03","It decide participant run only small state finally them explain","4"
"12","18","1997-04-21 12:25:37","Memory message family total news result strategy very agree analysis give","4"
"40","40","2014-10-27 12:41:32","Us air page buy stuff young and drop could major practice make star","3"
"36","36","1994-05-03 23:13:03","Thing never different save lot likely sea risk firm","4"
"13","41","2000-03-31 09:02:11","Thing total lot writer remain owner realize hard","2"
"34","4","1989-02-14 10:43:41","House effort response pattern floor final right place serve hear dog","5"
"1","49","1983-12-16 18:47:14","None deal great head once yourself","1"
"48","46","1990-01-31 20:03:24","Player participant picture available world determine new mother strong central","1"
"28","43","1974-11-04 11:31:59","Recent tree point goal such school","5"
"38","0","2000-09-11 00:27:32","Organization range support improve ability reduce","3"
"43","20","2002-08-25 17:04:52","Four their these relationship fine suggest commercial","4"
"34","4","2020-04-23 02:12:33","Appear view respond assume sit statement whom read","4"
"32","38","1992-03-26 20:30:12","Laugh step your Mr where nearly goal nothing issue almost","1"
"44","48","1974-06-10 05:40:38","Imagine ten discover around agree weight administration fall image","5"
"23","4","1990-04-11 17:18:02","Could bar lead experience expert else energy look view rich put","4"
"0","24","2007-09-07 18:27:10","Friend face include section better which air fire pay","1"
"31","13","2005-12-20 13:13:40","Stop test then audience lose fine author own","1"
"21","31","1996-12-22 20:50:59","Issue eight member bring son account popular debate minute and business idea","1"
"46","32","2015-06-24 11:02:20","Why might value add current ball upon describe out customer significant","3"
"13","15","1996-11-15 16:18:20","Perform group politics focus for I leg letter skill far","4"
"42","2","1984-01-18 21:58:35","Detail scene director structure occur admit might","1"
"33","4","1991-05-23 16:21:55","Capital occur why form rule Mrs enough somebody reduce notice star","2"
"46","17","1984-12-27 07:57:36","Deep technology consumer also school happen traditional education company face","1"
"24","10","1986-02-04 03:15:24","Month company film organization try say rather last allow life into officer","3"
"27","18","2021-11-03 13:58:38","Generation always need wall father brother","2"
"24","41","2013-01-20 08:49:32","Simply when by close east environment Mr skin but large job financial fine","4"
"37","43","2003-11-24 02:51:07","Figure behind face decade fight style language analysis","5"
"15","49","1982-02-18 03:28:25","Level professional his last animal who place people citizen true","2"
"32","14","2009-03-28 23:29:03","Future wrong source vote road administration evening talk","5"
"0","9","1970-04-13 23:18:38","Happen enjoy how result hospital want compare help role hundred drive","5"
"10","31","2015-10-17 21:30:03","Professional choice final decade take might","2"
"29","15","1973-08-31 00:05:58","Trouble security participant vote still exactly this popular big","4"
"28","47","2011-10-31 08:30:49","Step trade consumer key probably level","3"
"10","15","1974-02-17 05:59:41","Career body gun college pass thought break determine hospital program site poor","1"
"23","15","1977-05-31 16:30:29","Goal wind near onto sense view care computer color according seek","1"
"17","45","1995-12-21 16:58:05","Surface eight exist message likely goal case alone speech cultural manager last","2"
"49","47","1999-06-19 03:47:24","Bar order business leg pull outside","4"
"34","22","2021-02-13 21:33:06","Bank up try morning score it paper wind fund","2"
"4","16","2010-11-15 06:38:43","Allow tree whole performance down involve","2"
"22","10","1980-08-04 06:48:42","Specific face something avoid eye foreign approach interview there through enter boy first","3"
"1","41","1972-01-13 16:50:12","Parent break defense community data particular each threat bank however","2"
"0","18","1991-06-06 21:07:11","Ahead perform as occur left across","5"
"46","15","2000-06-15 05:48:54","Believe side it team much miss want win concern such","4"
"18","4","1991-04-18 06:07:37","Spend able test authority fine right church street possible TV series win under","2"
"28","9","1981-05-21 18:37:20","Add lay then might appear break some act himself chair","1"
"22","1","1979-09-09 04:33:44","Activity step upon heart successful poor later popular high","3"
"34","12","2010-05-26 20:25:02","Impact get since whose someone thousand nearly summer child several soon","3"
"25","16","1979-07-05 14:00:49","Think them seem major exist if","5"
"25","25","1973-07-01 22:49:59","Down far fall put design future","4"
"47","26","1989-11-15 15:11:13","Million if kind thank outside edge off letter contain case","5"
"17","27","1980-12-18 22:30:20","Involve trial suddenly partner check agency summer option painting thought","3"
"17","45","1990-10-03 17:03:44","Else woman admit along already fall court north station lead culture human billion television","5"
"18","11","1995-11-13 22:39:53","Discuss relate nature later trip stand begin hand into debate","2"
"21","17","2005-03-04 09:46:32","System section we senior if rise three money say two","4"
"26","35","1984-01-28 05:20:55","Along industry take large everything strong city couple carry much","4"
"29","14","1997-06-24 11:19:25","Because natural collection mouth evening truth","5"
"45","36","2007-07-18 08:28:41","Major foreign experience remember good trip fly foreign","4"
"38","39","1998-03-05 02:18:04","Painting hand billion road interview tend camera article time","2"
"40","8","2004-06-06 11:39:00","South TV support represent expect where","5"
"20","14","1998-02-26 10:32:58","Television wind baby matter they into thing build national mean tonight often","5"
"8","8","1976-06-04 17:44:05","Impact rock seven finally sister know inside career garden century woman answer section range","3"
"29","19","2020-05-18 19:07:39","Least someone kind finish chair assume minute go","1"
"39","7","2010-12-28 19:42:03","Event according trouble pretty great after","1"
"6","31","2003-11-10 02:55:14","Hour success television of marriage design feel ever knowledge mother might agency","1"
"44","33","1981-11-27 16:43:56","High middle red structure between follow game prevent smile century those back","1"
"40","18","2003-05-31 16:55:13","Offer nice bit everybody song seek mother cold adult job read","1"
"9","1","1993-04-24 20:03:21","Here rise production news kitchen common but not","3"
"25","29","2000-03-16 06:07:11","Relationship ten there office institution well public role our response own treat","1"
"30","7","2016-11-24 06:44:26","Along technology claim or single nature public ago","1"
"35","46","1977-10-27 11:25:41","Court defense know account believe sort professor business believe","1"
"24","42","1997-10-06 14:44:23","Two data fear lose bar hope community instead main never never add","1"
"18","23","1988-10-24 08:10:41","Inside return today worker event stock think","5"
"22","47","1973-08-05 03:45:23","Specific black safe development sing plan brother can sort drug exist onto","5"
"18","16","2000-01-02 17:18:30","He unit quite seven fish forget answer other follow stand","4"
"48","46","1989-12-26 05:14:00","Board let finish deal word activity goal force gun","3"
"38","9","1981-06-24 19:03:04","Represent force west I shake memory character","3"
"41","4","1982-01-30 22:14:31","Win service effort line rate by pull gas somebody can","2"
"3","48","1998-11-07 17:11:27","Recognize growth fire south interesting view return gas protect","4"
"35","34","2003-08-27 18:21:02","Against structure weight season thing high represent little investment late describe lay learn","3"
"20","42","1985-08-11 02:18:22","Shake wrong process chance data seven source","3"
"5","33","2011-11-28 14:46:57","Into discuss stock hundred skill where","3"
"13","5","1991-06-20 03:44:52","Industry fill carry concern design financial next east","5"
"47","34","1996-04-07 06:15:37","International far avoid look there authority leg","3"
"19","3","2012-10-18 17:54:54","Nothing add structure environmental well admit","4"
"7","48","1978-11-30 14:44:08","Everything box class make school scientist wonder past","5"
"22","38","1985-12-24 17:46:02","Voice throughout government it nation tree their include range debate generation certainly later","3"
"11","40","2006-11-06 10:05:23","Ahead into century hotel run southern level too tell","5"
"41","43","2001-05-29 08:38:56","All last turn determine pass employee girl end trade above","4"
"44","10","2009-04-02 11:54:18","Week peace should yet box daughter yard much budget","4"
"44","0","2015-03-25 00:45:05","Yourself control budget nor mouth hit stuff would adult important","5"
"7","18","1996-04-17 02:21:16","Particular job collection security sense marriage magazine many","5"
"9","3","1991-10-03 13:12:57","Shake material physical my from name represent better end yourself","2"
"5","25","1988-03-19 10:32:10","Room entire seven least data science blue anything","4"
"0","39","2014-03-29 15:58:15","Trade exist course protect live value party far drive reveal name where","2"
"31","11","2012-12-20 02:17:16","Boy back skill everything degree what yourself necessary fill record field give spring","2"
"31","15","1997-03-21 02:27:51","Heavy share carry business join thought bank real agency itself","3"
"36","32","2008-01-21 00:50:34","Resource vote beautiful partner according focus","2"
"12","9","2014-01-19 13:29:21","President either personal adult lawyer relationship white lose become bad might join","3"
"5","0","1984-09-20 16:33:24","Black it type education likely issue happen","2"
"27","5","1975-03-15 21:07:59","Other fine idea consider large theory charge purpose","1"
"0","26","1972-09-18 04:08:32","Voice personal off drug draw low","5"
"9","9","1989-02-17 16:40:11","Test family voice house claim pay get performance area","3"
"22","45","2005-09-08 18:36:35","White movement fact value however camera fund operation","2"
"32","22","1996-01-21 21:49:21","Religious system act blue only spring","5"
"8","30","1987-07-15 22:14:39","Stay suddenly draw recognize really by gas want argue method oil","2"
"39","19","1981-03-10 17:02:19","Market win trip industry else house head listen","3"
"29","7","2019-03-14 13:55:45","Hundred those day large lawyer television","4"
